Content,handle
"This is a disgusting and heartbreaking act of antisemitism, and it has no place in our beautiful city. As Mayor, I will always stand steadfast with our Jewish neighbors to root the scourge of antisemitism out of our city.My community’s yeshiva (Jewish day school) in Brooklyn, where I taught years ago.",Zohran Mamdani
"Honored to join Richmond Hill’s Hindu community for the Diwali Motorcade and Parade today. Liberty Ave was glowing with diyas, music, and families. 

I have stood with our Indo Caribbean and Indian American neighbors for decades, and I will be back for Diwali and Phagwah next",Curtis Sliwa
"New York, tomorrow is the big day, the final push to vote! 

As a reminder with this video, while I am a lifelong Democrat, just like my father Mario Cuomo before me, this year I am running on the Fight & Deliver independent ballot line. 

We’re SO close to winning and every",Andrew Cuomo
"The Art of the Deal.Breaking News: Mayor Eric Adams will endorse Andrew Cuomo for mayor of New York City to try to stop the momentum of Zohran Mamdani. https://
nyti.ms/475wlyd",Zohran Mamdani
"October 7th was a dark day, and the memory of the attacks and the innocent lives lost must never be forgotten. 

The death and destruction that has followed in the region is deeply disheartening, and my prayers are with all families here in New York and abroad who continue to",Curtis Sliwa
,Zohran Mamdani
"Make no mistake… it will be President Trump and Mayor Trump taking over this city if Mamdani wins.

#VoteforCuomo #SayNoToZo",Andrew Cuomo
"Andrew Cuomo picks up the phone to call Donald Trump, and hangs up when he's asked about it.New — Andrew Cuomo hung up in the middle of a radio interview today, after the hosts pressed him on Donald Trump expressing support for him",Zohran Mamdani
"Never know who might pop by a canvass so you better not miss out.

Sign up here:",Zohran Mamdani
"When it comes to this year’s NYC mayoral election, the choice couldn’t be more stark",Andrew Cuomo
Watch the full interview at .,Zohran Mamdani
"Not only did Team Cuomo win the debate tonight, but so did our  — and I got to catch up with my good friend  

Early voting starts Saturday — Let’s bring it home, NY!",Andrew Cuomo
That’s right Roger you’re a true patriot,Curtis Sliwa
"Let’s hear what Black New Yorkers really think about Zohran Mamdani.

#VoteForCuomo #SayNoToZo",Andrew Cuomo
"An honor to be welcomed at Sultan Jamia Mosque in the Bronx. We talked about uplifting working families, supporting small businesses, cutting taxes and red tape, and building a safer, stronger community for everyone. Make your plan to vote early and let your voice be heard.",Curtis Sliwa
Upper West Side (at a different location),Zohran Mamdani
"It's an honor to earn the endorsement of , its Chairman , and the elected officials who fight for this borough every day.

Families in the Bronx are being crushed by the affordability crisis. As Mayor, I’ll deliver for them and all New Yorkers.",Zohran Mamdani
"Proud to join National Night Out across Queens in support of our brave NYPD. I always stand with our officers and I’m the only candidate with a real plan to hire more cops and keep New Yorkers safe.

",Curtis Sliwa
,Zohran Mamdani
". called the NYPD racist — last week, after 5 years refusing, he told The New York Times he “intends” to apologize…Yesterday he was asked when that would happen and he responded with his usual word salad. 

Let’s go,  - New Yorkers are waiting",Andrew Cuomo
"A beautiful day in Brooklyn marching in the Sunset Park Parade - celebrating community, culture, and the people who make NYC great.",Andrew Cuomo
"Last week, thousands of volunteers knocked on more than 100,000 doors across the five boroughs — the first time we've crossed that single week milestone since June.",Zohran Mamdani
"Great to be in Greenpoint the other night talking with neighbors who want real change at City Hall. 

I’m running to be the People’s Mayor for all New Yorkers. 

Thank you to Ted and Nora for organizing and to everyone who came out. We’re going to win this together!",Curtis Sliwa
"We are African. We are New York City. And we are voters.""""",Zohran Mamdani
"“Cuomo represents safety, resilience, and a fighting chance.

The choice is binary. The consequences are existential.”",Andrew Cuomo
"Last week, I had the honor to meet with Rabbi Niederman, president of  (UJO) which has served Williamsburg families since 1966, together with leaders of the Satmar community.

Yesterday, I visited the Sukkah of board member Abe Deutch, where we were joined by many",Zohran Mamdani
"Happy National Wife Appreciation Day! When I married Nancy, it was the best day of my life. In my hardest hours, she has always been at my side. When I was dying of Chron’s disease she nursed me back to health. Her patience and calmness 
has been the steadying hand in our",Curtis Sliwa
"It was wonderful meeting this morning with the community leaders and residents of Borough Park. Together, our efforts will make a real difference and help save this city.

#VoteforCuomo",Andrew Cuomo
Thank you Mario’s Meats & Gourmet Deli in Middle Village for unveiling “The Curtis Sliwa Hero.” Your support and love mean the world. Let’s win this together! 💪🗽,Curtis Sliwa
"“Outside the Ganesh Temple, [70 year old] Deepak Mehta said he was excited for Mamdani to become mayor due to his promise to freeze the rent. 

‘I will vote for Mamdani because his policies will stop my landlord from causing problems for me,’ he said.”",Zohran Mamdani
"my brother, this isn’t garlic and we’re not vampires",Zohran Mamdani
"Campaigning today with the Dominican American Republican Club, in Washington Heights and the Bronx.

#LatinosforSliwa",Curtis Sliwa
"It was a privilege to celebrate the Mid-Autumn Festival in Brooklyn with New York’s Chinese community! 

The Chinese community has given so much to our city through hard work, dedication, and pride. As mayor, I will stand shoulder to shoulder with them to make sure they are",Curtis Sliwa
Make sure to vote,Curtis Sliwa
"We can and will bring public safety to #NYC

Read the plans:


",Curtis Sliwa
"Then off to the Bronx to rally with Borough President Vanessa L. Gibson, , , , , ,  and more elected, community and labor leaders!In Washington Heights to get out of the vote with @EspaillatNY, @CnDelarosa, @ShaunAbreu, @ChrisMarteNYC, @PiSanchezNYC, @OswaldFeliz, @MannyDeLosSanto, @GALVAREZNYC, @assemblymanalt1 + leaders and members of @DC37nyc, @UFT and @unitehere100!",Zohran Mamdani
,Zohran Mamdani
"We lock up toothpaste, instead of criminals.

You can thank the architect, Cuomo, and the apprentice, Mamdani.",Curtis Sliwa
"Eric Adams has no problem blowing $7 billion on migrants, millions more on lawyers to fight deportation, and pouring taxpayer money into endless grift. 

But when it comes to hardworking taxpayers, he forces garbage bins on you without your input and then makes YOU pay for them.Adams trashes $14M plan passed by ‘irresponsible’ council to provide free garbage bins to NYC homeowners https://
trib.al/m6kyAja",Curtis Sliwa
"Remember, while I am a lifelong Democrat just like my father Mario Cuomo before me, this year I am running on the Fight & Deliver independent ballot line. 

Please make sure that you, your friends, and your family look for me there. 

Together, we will build a new New York City,",Andrew Cuomo
"You are a truly despicable, disgusting and desperate person. This was a Memorial, not a campaign event, where ALL candidates were invited to honor the 15,000 elderly your executive order murdered. You have blood on your hands, you never apologized and now you’re mocking their",Curtis Sliwa
"Closing out the final day of the San Gennaro Festival in Little Italy with my son Anthony! For nearly a century this celebration has brought New Yorkers together with history, food, family, and friends. Grateful to meet so many people and keep this great NYC tradition alive 🇮🇹",Curtis Sliwa
"Five years ago today, Andrew Cuomo released a self congratulatory book. 

Taxpayers helped foot the bill and he was later ordered to repay the proceeds. 

He left office with ethics scandals, a damaged economy, and policies that made New York less safe. From cashless bail, Raise",Curtis Sliwa
"Last Friday was International Cat Day! Everyday in the Sliwa household we celebrate our rescue cats. Nancy and I have rescued countless abused or neglected cats, dogs and animals over the years, and then adopt them to loving families. 

As Mayor, I will put violent animal abusers",Curtis Sliwa
Join ‘em.,Zohran Mamdani
,Zohran Mamdani
"Last week, Seniors for Zohran"" organized a rally at City Hall.",Zohran Mamdani
"This Sunday, we’re SHREDDING 🎸

Join me (or someone who looks a lot like me) at one of two locations to safely dispose of old bills, bank statements and documents you no longer need. 

+ DJs, family portraits and frozen treats.

12-3pm in Harlem and the Bx. Details in the vid ⬇️",Zohran Mamdani
"GET OUT AND VOTE! 🗳️ 

It’s the greatest privilege we have to vote—don’t take it lightly. 

Use your power, use your voice, and VOTE today! 

Polls close at 9 PM EST. Visit  to find your nearest site.

#VoteforCuomo",Andrew Cuomo
Polls close at 9pm. ,Zohran Mamdani
"Cuomo’s desperate final act is bankrolled by the very billionaires who brought us Donald Trump and the broken status quo.

New Yorkers are ready for change.",Zohran Mamdani
Who’s down though? Not me…,Curtis Sliwa
"Franz Sigel Park, what could be a beautiful Bronx gem, named for Civil War hero Franz Sigel, has been left to rot. Garbage, neglect, decay— what’s the city doing about this?

Our parks deserve better, the Bronx deserves better and YOU deserve better.

Read my plan to enhance New",Curtis Sliwa
"Andrew Cuomo: taxpayers should pay for $60 million in legal bills for my sexual harassment allegations 

Also Andrew Cuomo: $60 million is too much money to spend on a pilot program to deliver cheaper groceries",Zohran Mamdani
"Well, well, well….Breaking: @CurtisSliwa in 2022 starred in an ad unequivocally stating @andrewcuomo didn’t mandate nursing homes to take COVID patients. Listen to it here: https://
facebook.com/share/v/17MFeX
iBYr/?mibextid=wwXIfr
…",Andrew Cuomo
,Curtis Sliwa
"Today I stopped by the Coney Island Stillwell Ave station to lay a wreath for Debrina Kawam, to honor her and the life she lived before she was brutally murdered and set on fire by a madman. New Yorkers are sick and tired of government having no answers to tragedies like this.",Curtis Sliwa
"In the country's richest city, more than 140,000 kids don't have stable or permanent housing.

Every Child and Family Is Known"" — a small pilot program that pairs school staff with students and families in shelters — has shown real promise. I will double its funding and scope.""",Zohran Mamdani
". owes NYC answers — a lot of themRed alert: Mamdani expected to follow will of radical-left DSA if elected, group’s leaders boast at meeting attended by Post https://
trib.al/4UqtrjJ",Andrew Cuomo
"After a great day of hitting all 5 boroughs, Michaela and I made a quick stop to thank supporters before heading back on the trail 

Tomorrow we make history - polls open at 6am, NYC - VOTE!",Andrew Cuomo
"New York City, I can see a future with you. And it’s one we can afford.

Our new ad just aired during The Golden Bachelor.",Zohran Mamdani
"Today at the  Mayoral Forum, I called for ending the City’s $16 billion, behind-schedule borough jail boondoggle

Rikers in its current form must be closed - but the borough jails plan was flawed from the start. It hurts neighborhoods, drains billions, and still",Andrew Cuomo
"A few more pictures from yesterday’s absurdly cute press conference.Next year, we'll welcome 125,000 new New Yorkers to our city. But many families don't have what they need to give their babies a healthy start.

Building on @BKBPReynoso's pilot, we'll launch citywide Baby Baskets, providing new parents with essential items and resources.",Zohran Mamdani
"I want extend my condolences to the family of Rabbi Alvin Kass, the longest-serving chaplain in the NYPD. For decades, Rabbi Kass provided guidance, and protection to New Yorkers, standing by them through the city’s toughest moments.

His dedication and faith touched countless",Curtis Sliwa
"NYC faces gun violence despite “strict” gun laws. We saw a horrifying example of this last night in Times Square.

I’ll reinstate the NYPD’s Anti-Crime unit and crack down on gangs and gun traffickers.

Zohran Mamdani has called for defunding the NYPD and DELETING the gang",Curtis Sliwa
Thank you Rockaways! Make your plan to vote!!  🗳️,Curtis Sliwa
"Another cop shot, this time by a career criminal who never should have been on our streets. Our officers put on the uniform and vest to protect us, but government refuses to protect them.

Mamdani wants to weaken law enforcement and push pro criminal policies to finish the job“A parolee with nearly two dozen arrests – including one just a day ago for fare evasion – shot and wounded an NYPD detective on a Queens expressway during the Friday morning rush…” 

Simple question: Which of the mayoral candidates pledge to keep thugs like this behind bars?",Curtis Sliwa
"The People’s Mayor is going nowhere!

We’re in it to win it. Let’s go!",Curtis Sliwa
"Cuomo has no chance of winning. It’s arrogant to assume our supporters would somehow vote for Cuomo, someone who IS hated for his disastrous polices that victimized New Yorkers. The polls had Cuomo winning by far until the day before the primary. He lost, and he is buried on the",Curtis Sliwa
"My statement on the two year anniversary of October 7, 2023.",Zohran Mamdani
Great to catch up with . Watch our conversation tonight at 8pm on .,Zohran Mamdani
"Every day, Donald Trump issues a new threat against an American city — very often his own hometown. 

But we can stand up to his bullying and win. As Mayor, I'll work every single day with our state and federal partners to protect New York City.",Zohran Mamdani
"The words of Andrew Cuomo: “I have to say to the Orthodox community tomorrow, if you’re not willing to live with these rules, then I’m going to close the synagogues.”

That’s who he is. When people don’t agree with him, he threatens them. He threatens their faith, their beliefs,",Curtis Sliwa
"Out at today’s Dominican Day Parade with a vibrant community that has always had my back. 

From Washington Heights and Inwood to Corona, the Dominican community embodies hard work, family and pride in our city, and I’ll always have your back too.",Curtis Sliwa
"On Monday morning,  and I took a stroll down Steinway St in Astoria — a bustling corridor of shops, cafes and restaurants that was once home to my first Assembly campaign office.

Here's part of our conversation.",Zohran Mamdani
"Each NYC Baby Basket will also include a resource guide of information on the City’s newborn home visiting program, breastfeeding, post-partum depression and more.",Zohran Mamdani
Midday canvass launch at A. Philip Randolph Square with  and .,Zohran Mamdani
"I joined the community at Young Israel of Kew Garden Hills to listen and talk about the issues that matter most, safety on our streets, affordability for families, and protecting our neighborhoods. 

I am running to be the People’s Mayor, a mayor for every neighborhood, every",Curtis Sliwa
"We relaunched our canvassing operation a month ago— and our volunteers already surpassed 235k doors knocked, including 39,700 this past weekend. 

There's a hunger in our city for a new kind of politics and it's motivating people to participate at a scale they never have before.",Zohran Mamdani
"You’re obsessed… you’re standing with a former governor who resigned in disgrace, couldn’t beat an unknown socialist assemblyman in a primary, 70% of Dems did not rank him on their ballot… and yet, you think Cuomo’s the savior…? What?  How much are they paying you…? There is",Curtis Sliwa
"All in. All boroughs. All New Yorkers. 

25 days to go. The people will decide. 

",Curtis Sliwa
"Great day of canvassing for Team Cuomo! 

Find an event and join the team here: 

",Andrew Cuomo
"It was a privilege to join Staten Island leaders today to talk about unity, economic opportunity, and making sure no borough is left behind. 

I’m especially grateful to Father Hank Tuell, Hon. Debi Rose, and Gerald “GeeBee” Barclay for bringing us together on this beautiful",Zohran Mamdani
" Thanks for speaking truth. Turn out determines this election. We have every resource possible to make an unprecedented turn out happen. The polls are BS, our supporters won’t vote for Cuomo, who brought us No Cash Bail, HALT act, said Defund the police, an order that",Curtis Sliwa
"“People across this, across this country, across the world are fed up with a model of ticket pricing that views fans as a commodity that can be priced higher and higher and higher.”Good morning from St. James Park where we’re calling on @FIFAWorldCup to put game over greed. 

The people of the Bronx and all New Yorkers deserve a shot at watching the world’s game happening in their backyard.",Zohran Mamdani
"Awful and dangerous to hear the Mayor echo the transphobic bigotry coming from the Trump administration. It's completely at odds with the values of our city and another reason why his single, disgraced term in office cannot end soon enough.",Zohran Mamdani
"Watch the full interview: 

And sign the petition:",Zohran Mamdani
Join this Big Fall Canvass this upcoming weekend.,Zohran Mamdani
Thank you to the Vella family for sharing this awesome video! We’re in it to win it! That’s why you MUST make your plan to vote EARLY this weekend. Find your pollsite: ,Curtis Sliwa
,Curtis Sliwa
And thanks for the like!,Curtis Sliwa
https://pbs.twimg.com/media/G35yo8fWQAA8fO6?format=jpg&name=small,Curtis Sliwa
"Overnight, Trump and Republicans in Congress shut down the federal government.

They shut it down because they’re determined to strip healthcare from millions of Americans, to enrich the billionaires they serve, to continue the assault on our rights.

We must fight back.",Zohran Mamdani
It would be funnier if he didn’t screw up the city,Curtis Sliwa
"Because of YOU, we will defeat Zohran Mamdani and build a safe, strong, and affordable New York on November 4th!

Let’s go New York!

👉 ",Curtis Sliwa
"Wonderful meeting with the residents of North Shore Towers in Queens, the heart of what makes this city so special.

Thank you to Sophia Mighty for the kind introduction and for your dedicated work on behalf of the community. Your leadership and commitment to keeping this",Andrew Cuomo
"🚨 The next deadline is just days away. This is our moment to show that everyday New Yorkers, not the elides, can power real change. Every day matters. The time is NOW.👉 Rush your donation: Cash on hand:

Mamdani: $5,062,663
Cuomo: $1,382,505
Sliwa: $2,272,246

Next public funds payment scheduled 10/9. Another chance on 10/30.",Curtis Sliwa
"I almost lost my life fighting against the evil people who hurt this city. When I was shot in 1992, everything changed. I learned how fragile life is and how strong the human spirit can be. I survived because I refused to give up.

If someone can be shot for speaking the truth,",Curtis Sliwa
Powerful words by Rabbi  of  #SayNoToZo #VoteforCuomo,Andrew Cuomo
"You don’t have to take my word for it but when 650+ rabbis are speaking up about their fears… there’s something to say about that.

#VoteforCuomo #SayNoToZo",Andrew Cuomo
"New Yorkers are tired of the failed status quo, and they’re not buying Mamdani’s fantasy land. 

They want a mayor who knows the issues and delivers real, common sense solutions. 

That’s why I’m running, and why I’ll win on November 4th.",Curtis Sliwa
Our first ad of the general election starts airing tomorrow: “Things Can Change.”,Zohran Mamdani
🤣,Curtis Sliwa
Hell’s Kitchen,Zohran Mamdani
Tune into  Money Movers tomorrow as I discuss my plans to revive NYC’s economy in every borough.,Curtis Sliwa
Watch until the end…. What more proof do we need that  doesn’t say what he really thinks?,Andrew Cuomo
"Always a good day when I can stand with The People's Lawyer.The @bronxdems are all in for @ZohranKMamdani! 

Great to join New Yorkers in the Bronx this morning to support electing the next leader of our great city.",Zohran Mamdani
Can read my full 100 day agenda here!,Curtis Sliwa
"The Advantage program was a lifeline for New Yorkers like Kasha, a working mom struggling to get out of a shelter and into stable housing.

But when then-Gov. Cuomo slashed funding, homelessness surged. 

These are political choices. We can choose differently.",Zohran Mamdani
Sign up here.,Zohran Mamdani
"I met today with the United Bodegas of America to lay out my plan to lower grocery costs for the New Yorkers who need it most.

✅ $250M in targeted grocery subsidies for 350,000 working families who earn just above the SNAP threshold.
✅ Protect bodegas and small groceries — the",Andrew Cuomo
"The weather might be dreary but it was warm and welcoming at the Fort Greene Council Senior Center today, where I was joined by ,  and .",Zohran Mamdani
"Another great weekend for Team Cuomo - grab your family and friends and join us: 

",Andrew Cuomo
"The Wizard of Zohran waves a wand and spits out fantasy savings that don’t exist, and New Yorkers are too smart for parlor tricks and want real plans, not gimmicks.Mamdani rolls out new ‘savings calculator’ that rivals blast over ‘fantasy’ math https://
trib.al/wmiTuEc",Curtis Sliwa
"Damn… that looks great…My sandwich sources have shared the @CurtisSliwa panini which he’s making at Mario’s Meats in Middle Village today  

(Featuring a Meet Your Mayor graphic @THECITYNY )",Curtis Sliwa
My statement on ’s decision not to seek re-election next year.,Zohran Mamdani
"I’m running for Mayor to protect EVERY New Yorker, to pave a path of unity in a time when too many are trying to divide us.

Read more here:

",Andrew Cuomo
"The working men and women of Staten Island are the backbone of New York City 🗽

I thank Local 3 IBEW Staten Island Chapter and Joe Santigate for their endorsement and support. 

Together united we can change Staten Island and NYC for the better — and we will",Andrew Cuomo
"Last weekend, I was thrilled to spend an evening with Nobel Prize-winning economist Joseph Stiglitz, Anya Schiffrin and a group of brilliant policy minds they gathered to discuss a range of issues facing our city.",Zohran Mamdani
Add your name ⬇️⬇️⬇️,Zohran Mamdani
"Honored to earn the endorsement of the Sephardic Community Federation - a pillar of faith, family, and service in New York. 

Our city’s strength is its diversity, & I’ll always stand with and fight for the communities that make it thrive.",Andrew Cuomo
"Today I was proud to join Staten Islanders at the Richmond County Fair, celebrating 41 years of community and tradition. While my opponents brag about spending the least amount of time here, I find that attitude dangerous and dismissive. Staten Island matters. Your needs, your",Curtis Sliwa
"Thank you Coney Island!  and I went to Coney Island after the West Indian Day Parade! Coney Island should be clean, safe, and fun for families today and for future generations. Let’s make the city work the way it’s supposed to. Read my plans: ",Curtis Sliwa
,Curtis Sliwa
"I’m honored by the endorsement of so many Jewish leaders across the city. Together we will fight for the soul of NY: safe, affordable, inclusive, & just. Let’s get to work.

NYC Jewish Leaders Unite Against Zohran Mamdani, Endorse Andrew Cuomo for Mayor",Andrew Cuomo
Gathering strength.  x.com/zohrankmamdani…,Zohran Mamdani
"Meet tonight’s MC, .",Zohran Mamdani
👊Go Curtis @TeamSliwa !! 🗽🇺🇸 x.com/TeamSliwa/stat…,Curtis Sliwa
"In a democracy, the rule of law must be sacred - impartial, objective, and above politics. When the law is weaponized or manipulated to advance political agendas, it erodes public trust and weakens the very foundation of justice. Whether it comes from the right or the left, from",Andrew Cuomo
"Hi Tali, when you run for Mayor, you listen to everyone. This woman and her group were  outside a Mayoral forum yesterday. She approached my team and I passionately, and so I listened. I listen to everyone. If you want to silence these women from speaking to a candidate running",Curtis Sliwa
"“You’ll always be my angel,” she told me. 

That’s what I’ve done for 50 years — and that’s what I’ll do as mayor.",Curtis Sliwa
,Zohran Mamdani
"We're still dealing with the consequences of Andrew Cuomo's experience.""""",Zohran Mamdani
Good morning ☕️,Andrew Cuomo
,Zohran Mamdani
"This is the LAST weekend to vote EARLY! New York is ready for change and we need every single vote. Grab your friends, your family, your neighbors and get to the polls. Vote early this weekend and let’s shake this city awake. It is time.

Find your poll site at",Curtis Sliwa
GOTV rally in Jamaica earlier today.,Zohran Mamdani
Corruption goes courtside.No better way to celebrate winning tonight’s debate than making it to the @nyknicks game in time for the 2nd half,Zohran Mamdani
,Curtis Sliwa
"Honored to have the endorsement of the Roosevelt Democratic Club in Jackson Heights

Let’s do this, NYC!",Andrew Cuomo
"Andrew Cuomo didn't just watch from the sidelines as the homelessness crisis grew. He was in power—and made political choices, time and again, that made it worse.",Zohran Mamdani
You're hearing it more and more.,Zohran Mamdani
"Thank you , , ,  +  for helping launch one of our Bushwick canvasses this afternoon!",Zohran Mamdani
"When NYC was on fire during the 2020 riots, Cuomo blamed the police instead of the rioters. Mamdani called to defund the NYPD and Cuomo agreed. When you vote for Sliwa for Mayor, you vote to support law enforcement, restore order, and protect our city. A vote for Cuomo is a vote",Curtis Sliwa
,Curtis Sliwa
Live from New York…I got roasted by Ramy Youssef.,Zohran Mamdani
"Cuomo is truly despicable, disgusting and desperate. This footage was from the  memorial, not a campaign event, where ALL candidates were invited to honor the 15,000 elderly that died because of Cuomo’s nursing home order. You have blood on your hands Andrew, youI’ve said it before and I’ll say it again:

A vote for Sliwa is a vote for Mamdani. 

And here’s the proof: just this past March, Sliwa was openly supporting Mamdani to be the elected Democratic representative.

…So, is Sliwa staying in this race just to help Mamdani win?

We",Curtis Sliwa
Following!,Curtis Sliwa
"Columbus Day has always been about honoring the courage, sacrifice, and contribution of the Italian-American community to this city and this nation.  

For generations of Italian immigrants who came to New York with nothing but a dream, the statue of Christopher Columbus stood as",Andrew Cuomo
Great to sit down with both  and  today to talk about the final stretch of this mayor's race and how we're going to win a city we can afford.,Zohran Mamdani
The better question is whether working people can exist in the city they built.,Zohran Mamdani
https://pbs.twimg.com/amplify_video_thumb/1965183439868440576/img/az5Ahipp_iKKVHyt.jpg,Zohran Mamdani
"What keeps New Yorkers up at night are not the right-wing fever dreams of Andrew Cuomo.

It's whether or not they can keep living in the city they love.

I'm the only candidate on stage tonight with a vision for the future and a plan to bring down costs.",Zohran Mamdani
"I was the clear winner tonight. Cuomo bombed it. 

He should drop out and let me take on Zohran Mamdani one on one, and I’ll beat him for New Yorkers.",Curtis Sliwa
"Our parks need loving…1% for parks?
Sliwa: 2% you greedy developers!!!!!!
Mamdani: 1% 
Cuomo: 1%",Curtis Sliwa
"What we’re hearing out of Washington is troubling. Any federal policy that chips away at the right to practice one’s faith (including how a person wears their hair, beard, or other expressions of faith) is wrong.

If Hegseth’s speech translates to barring Sikhs, Muslims, Jews, or",Andrew Cuomo
"Great catching up with Coach Rick Pitino tonight before the start of the St. John’s season at Madison Square Garden.

The Johnnies aren’t just a college basketball team, they’re a New York City institution. Generation after generation, they’ve represented the grit, hustle, and",Andrew Cuomo
"Mamdani wants NYC to be the capital of socialism. 

I’ll stop him.

Join the fight: ",Curtis Sliwa
"🛡️🏙️Curtis is the one to SOC  
Need an emoji for Save our City. 
Till then. 
Curtis is the one to 🆘 x.com/EliseStefanik/…",Curtis Sliwa
"Young Professionals: If you love & want to save New York City, come out next Monday 10/27 at 7 PM  for a Young Professionals event. I’ll be there and I’m looking  forward to meeting you all in person",Andrew Cuomo
"Live with ARIatHOME: 
",Zohran Mamdani
"Not only did the City shove the City of Yes down our throats, allowing Chernobyl-like lithium ion battery plants in our neighborhoods, but now they want you to subsidize the corporations building them. 

We are paying for our own demise. 

This is City Hall for special interests,",Curtis Sliwa
,Zohran Mamdani
Thank you for the support — I will not let you down!!! #ReadyOnDayOneThe Belz Hasidic sect in Borough Park endorses Cuomo,Andrew Cuomo
"I am honored to receive the endorsement of ATU Local 726 and the ATU New York State Legislative Conference Board. 

Transit workers are the backbone of this city: they keep NY moving and together, we will deliver a transit future that is reliable & safe.",Andrew Cuomo
"We had a beautiful time celebrating Columbus Day in the Bronx with residents and Councilwoman Kristy Marmorato! Thank you to all who keep this community tradition and celebration of Italian American heritage alive🇺🇸🇮🇹!

 
",Curtis Sliwa
I want nothing to do with you. #WorstMayorinHistoryA moment to agree with @CurtisSliwa: he asks @andrewcuomo if he actually is telling us that all 13 women lied about being harassed. Cuomo is entirely unconcerned about what he did to those women.,Curtis Sliwa
"New York is the greatest City on the globe — and together, we will make it safer, more affordable & prosperous for all",Andrew Cuomo
,Curtis Sliwa
"Vote like your home depends on it- because it DOES! The architect and the apprentice are working together to keep the special interest grift alive at City Hall at your expense. 

I have said it for a long time. Mamdani and Cuomo are one and the same. 

I am the only one running",Curtis Sliwa
"Great meeting this morning with concerned New Yorkers who fear the City is on the wrong path.  I thank everyone who voiced their opinions. As your mayor, I will work to make sure all New Yorkers feel safe walking down the street and in the subways and that we get the mentally ill",Andrew Cuomo
"Another great team for Team Cuomo — Ready on Day 1 💪

Join the team:

",Andrew Cuomo
"2) Reform procurement infrastructure and standards across DOE by:

✅ Creating streamlined organizational structure for procurement support at DOE

✅ Modernizing DOE contract management systems

✅ Mandating fiscal training/certification for all staff working on procurement",Zohran Mamdani
"Good to be out on East Fordham Road in the Bronx, talking directly with the people. 

This campaign is about you, the New Yorkers.",Curtis Sliwa
"This morning Nancy and I attended the funeral mass for Nicola Tanzi in Brooklyn. A man of faith, a husband, a father, taken from us by a violent crime in our subway system. Another innocent life lost senselessly and tragically. No family should have to experience this pain. 

The",Curtis Sliwa
"🤝Last night’s debate proved what my constituents and I already knew: @CurtisSliwa is the best choice to be our next mayor.

Mamdani is a radical communist who will wreck what’s left of this city. Cuomo already did the damage we’ve been trying to fix for years.

We don’t need an",Curtis Sliwa
Team Sliwa and I hit the Atlantic Antic seeing amazing New Yorkers at Brooklyn’s oldest and biggest street festival! 🏙️The 50th anniversary was packed with music food and culture that make this city so special. We had a blast connecting with everyone and I shared my plans for a,Curtis Sliwa
"New York City is not for sale.

Our new ad begins airing tomorrow.",Zohran Mamdani
"Every time the rain comes down, New Yorkers brace for chaos. Streets flood, basements fill, trees fall, power gets knocked out, lives are disrupted. This is not normal and it is not acceptable.

For decades our sewer system has been neglected while storms get stronger. Our trees",Curtis Sliwa
A perfect afternoon in Astoria.,Zohran Mamdani
"A vote for Cuomo is a vote for Mamdani. Cuomo destroyed New York and resigned in disgrace. Repeat offenders victimize New Yorkers everyday because of his laws. We’re not going backwards, let’s move forward. 

Join us: ",Curtis Sliwa
"Cut the bloat, slash excessive bureaucracy, and finally get money into our classrooms. 

👉 NYC DOE projected to spend $42k per student this school year — the most in the country https://
trib.al/5Mbpxcp",Curtis Sliwa
"Let me get a BEC.*

*Bringing Economic Change",Zohran Mamdani
Happy birthday in heaven,Curtis Sliwa
"New York, this is the time to mobilize.
Every vote matters—don’t underestimate the power of YOURS. It can make all the difference in this vital election.

🗳 Early voting starts this Saturday, October 25th.
Find me on the second line of the ballot. Make sure your friends and",Andrew Cuomo
"A 13-year-old child shot in the head in broad daylight, now brain-dead and clinging to life.  Enough is enough.

My heart breaks for the family, friends, and community. No parent should ever have to live this horror. We must demand justice: every lead pursued, every perpetrator",Andrew Cuomo
"Shanah Tovah, New York City. Here's to a sweet and hopeful New Year.",Zohran Mamdani
True story,Curtis Sliwa
"Polls are open until 9pm. Find out where you cast your ballot: 

Then help us mobilize every last voter:",Zohran Mamdani
"Today I walked the picket line with  Local 210 members on strike in the Bronx.

When  picked this fight, it wasn't just with these workers — it's with all of us. Because New York is a union town.",Zohran Mamdani
"I refuse to accept a world where people are punished for seeking safety or silenced for speaking the truth. I refuse a system that values profit over people and power over love."" - """,Zohran Mamdani
"Sidewalk sheds span over 380 miles of scaffolding that would cover more than 7,500 city blocks.

Over a thousand sheds have been up for 3 or more years.",Zohran Mamdani
Yea ok…,Curtis Sliwa
🚨Vote “Sliwa” on the Republican or Protect Animals Independent line! Make your plan to vote!  🗳️,Curtis Sliwa
"Follow the money of those who want to silence us, the hard working people of NYC. That’s the answer. Reject them. Those who’ve been ignored year after year won’t not fooled. Make your plan to vote- your vote matters more than ever: ",Curtis Sliwa
"“If you can beat the oligarchs here…that will send a message to every community in America that real change is possible.”

More of my conversation with  on democracy, oligarchy and his time as Mayor.",Zohran Mamdani
,Zohran Mamdani
Today I had the honor of visiting the Darul Hidaya Mosque in Jackson Heights— thank you for your support & friendship: I won’t let you down,Andrew Cuomo
Find out where you early vote. ,Zohran Mamdani
,Curtis Sliwa
"The ZetroCard is back. And it’s Zetter than ever.

Get yours at any canvass this weekend. Sign up at the link below.",Zohran Mamdani
Come peep this Curtis Sliwa sandwich 🔥,Curtis Sliwa
"Harlem has always been ignored while its people and culture are displaced. This is a strong, proud community, yet for years the city has stood by as wealthy developers pushed families aside and erased traditions. The voices that built this neighborhood have been silenced, and the",Curtis Sliwa
"Fighting for YOU!!

",Curtis Sliwa
"Thank you to the residents of North Shore Towers in Queens for the chance to share my vision. This is our last chance to make New York City’s future bright instead of letting it sink into disaster with crime, violence, and hate crimes. Mamdani’s agenda is dangerous. I will stand",Curtis Sliwa
"A message from Nancy Sliwa: This horse has died today because of abuse and a city hall that won’t ban horse carriage rides. It’s disgusting. 

The city refuses to ban horse-drawn carriages.

How many more have to suffer before something changes?

We will not let this continue.",Curtis Sliwa
"NEW YORK, I’M LEAVING YOU WITH THIS TODAY:

If I could accomplish all of these things as your governor, imagine what I could do as your mayor.

Get all of your friends who haven’t voted yet and hit the polls, because this election, more than any in the past, EVERY VOTE IS GOING",Andrew Cuomo
"Happy Gurpurab to the Sikh Community of NYC. 

Thank you Baba Makhan Shah Lubana Gurdwara for having me at your beautiful Nagar Kirtan in Richmond Hill.",Zohran Mamdani
"I’m deeply grateful to  for his support and his confidence in my ability to lead this city through these challenging times. Mike Bloomberg has always put results over rhetoric - he understands that leadership is about competence, management, and getting things done,Four months ago I endorsed @AndrewCuomo because I thought his management experience and government know-how made him the best choice for New Yorkers. I still do. And today, with early voting underway, I wanted to reiterate my support for Andrew Cuomo. Being Mayor of New York City",Andrew Cuomo
Arriving at the Village Halloween Parade! We’re out 24-7 till Election Day. Stay safe and enjoy everyone!,Curtis Sliwa
"Democrats for Sliwa!There’s one clear choice here, folks — and that’s @CurtisSliwa. 

He’s the only candidate ready to lead this city back to safety, sanity, and common sense.",Curtis Sliwa
👍,Curtis Sliwa
"I visited Ferry Point Park at Schley Avenue with , where a double homicide recently took place in the parking lot. This is what happens when City Hall handcuffs our police and lets criminals run the streets.

New Yorkers are living in fear because we do not have",Curtis Sliwa
"From the New York Times: “Tara Prinzivalli, 46, a radiation therapist in Eltingville, Staten Island. She said her vote for Curtis Sliwa was rooted in both her half-Jewish identity and her job as a medical professional. Prinzivalli was critical of how Andrew Cuomo handled the",Curtis Sliwa
"Nm, chillin’, you?",Curtis Sliwa
,Curtis Sliwa
"When it comes to , is there anything he believes beyond his own political ambition?",Andrew Cuomo
"Team Sliwa is hitting Steinway Street tonight and Astoria is fired up. We are ready for a safe, clean and affordable NYC. I’m the only candidate in this race with a plan to make it happen starting day one!! No Cuomo. No Mamdani. We vote we win. Early voting starts tomorrow at",Curtis Sliwa
"This is our year, St. John’s!Great catching up with Coach Rick Pitino tonight before the start of the St. John’s season at Madison Square Garden.

The Johnnies aren’t just a college basketball team, they’re a New York City institution. Generation after generation, they’ve represented the grit, hustle, and",Andrew Cuomo
"Today we opened our Brownsville office because I’m running to be the People’s Mayor for All. We had a great turnout and even registered new voters. 

I’m the only candidate in this race focused on real issues while the rest rely on gimmicks and false promises.",Curtis Sliwa
"This morning at Bethany Baptist Church in Brooklyn, I shared a simple truth: God will not test us beyond what we can bear.

NYC faces real challenges: crime, housing, failing schools.  But I know how to get the job done. Together, we will build a safer, fairer, stronger city.",Andrew Cuomo
"No matter your party, this race is about us vs them. Working people in NYC have faced years of decline under Cuomo, Mamdani, and the DSA. They ignored our struggles while the city became more expensive and unsafe. This movement is for all of us, and together we will be heard.NYC Dem pol touts GOP’s Curtis Sliwa for mayor in new campaign ad https://
trib.al/AoMWpSD",Curtis Sliwa
"New York, do you want a city with less police and more crime? #MuslimsAgainstMamdani

#VoteforCuomo #SayNoToZo",Andrew Cuomo
"Today I had the pleasure of visiting with seniors in Chinatown. I was met with such warmth, I can only extend my biggest thank you! Every vote counts, and I will continue to remind every New Yorker of that until the end of Election Day! 

#VoteforCuomo",Andrew Cuomo
"🗽New York! Thank you for your incredible solidarity today, from volunteers to voters. The future of this city only happens when we all come together!

Polling sites close at 9 PM EST, so there are still a few hours left to make your voice heard!

🗳️ Comment below if you’ve",Andrew Cuomo
"You live in Virginia, with all due respect you have no idea what you’re talking about. But go off.",Curtis Sliwa
"Incredible afternoon in Brooklyn — 1 more day of early voting — keep going, NYC!",Andrew Cuomo
Chill,Curtis Sliwa
After we win in November,Zohran Mamdani
,Zohran Mamdani
"Today we had the honor to march in the Pulaski Day Parade! 🇵🇱 We are here every year! 

I also had the honor of joining the NYPD Pulaski Association at their pre-parade party Friday night. 

My wife Nancy is Polish, and I’m proud of my Polish roots and grateful for my close",Curtis Sliwa
"Stop glazing me, Zohran.",Curtis Sliwa
"Brooklyn GOP chair to Andy: 

fuhgeddaboudit.Hey Andy, #FUHGEDDABOUDIT 

Our Chairman @BkLiam has something he wants to say to you! Listen good! #CuomoDropOut",Curtis Sliwa
"We believe that in the wealthiest city in the wealthiest nation in the history of the world, working people deserve a dignified life.

And to the billionaires who think this movement is an existential threat to their corruption of our democracy: you're right.",Zohran Mamdani
"All across the country,  has been building the movement against corporate power and for an economy that works for the working class.

On Saturday, he brings the fight to Brooklyn — just as Trump, Cuomo and the billionaires conspire to stop us.

See you there..@BernieSanders to rally with @ZohranKMamdani on Saturday in Sanders’ home borough of Brooklyn. Part of his “Fighting Oligarchy” tour",Zohran Mamdani
"Appreciate the support from over 1,000 young voters out on Halloween, cheering to save New York! 🎃🗳️

The future of our city is speaking loud and clear about the New York they want to see and now it’s your turn to make a difference.

Early voting ends today, and Election Day is",Andrew Cuomo
As we work to expand affordable housing in communities like mine,Zohran Mamdani
🤦🏻‍♂️,Curtis Sliwa
Read the study by leading transit analyst Charlie Komanoff.,Zohran Mamdani
"I sat down with ⁦⁦⁦⁩ for an extended conversation about where this race stands, what I plan to do for New Yorkers, and why we can’t gamble this city’s future on someone with zero governing experience.

Watch the full interview here:",Andrew Cuomo
"Last night I was proud to join the Bronx Chamber of Commerce Gala. 

Small businesses are the backbone of our city, especially the Bronx. 

I’m running to clean up NYC and make it the best place to live, work, and grow a business.",Curtis Sliwa
"Standing beneath the skylight at Moynihan Train Hall, a project I was proud to help deliver as governor, I’m reminded of what New Yorkers can achieve when we build with vision, discipline, and belief in our future.

New York has always been our nation’s north star — the white",Andrew Cuomo
,Curtis Sliwa
You do not see open air prostitution in elite Manhattan neighborhoods. You see it forced into Corona and Flushing. They want to silence the outer borough families and your concerns. Women are being exploited by predators while families walk to school and work. This is abuse and,Curtis Sliwa
"Both Mamdani and Sanders are telling the crowd not to take Mamdani’s polling lead for granted.

“We cannot allow complacency to infiltrate this movement,” Mamdani says, asking crowd for “more”",Zohran Mamdani
"Curtis Sliwa and I don't agree on much. But we do agree on this: City Hall is not for sale.

You can't say the same for Cuomo or Adams.",Zohran Mamdani
"NYC’s Dept. of Education spends around $10 billion/year on contracts.

Many provide essential services to our schools, yet with over 3,000 active contracts, DOE faces major efficiency challenges.

DOE needs procurement reform.

Yesterday I announced my platform to deliver it.",Zohran Mamdani
"Last year, Andrew Cuomo brought in nearly $5 million for consulting.""",Zohran Mamdani
,Curtis Sliwa
"The choice  made today was not an easy one, but I believe he is sincere in putting the well-being of New York City ahead of personal ambition. We face destructive extremist forces that would devastate our city through incompetence or ignorance, but it is not too",Andrew Cuomo
"This morning I had the privilege of participating in the WE ACT 4 CHANGE / NAACP forum. We talked about the future of New York—how we can make our city safer, more affordable, and ensure opportunity for all.",Andrew Cuomo
"My son Anthony was assaulted by a gang of five last year this month. He’s doing well now. But what happened to him is happening to families all across this city.

No one should have to live in fear of random violence. It’s time to take back our city from lawlessness and make",Curtis Sliwa
"Mamdani and Cuomo are two peas in a pod. 

Cuomo took aim at merit-based education, saying “the city should change admissions at the five schools it controls and then put pressure on state legislators” on the SHSAT. Mamdani is taking aim now, pushing the same agenda. 

When deMamdani Says He Would Phase Out N.Y.C. Gifted Program: https://
nytimes.com/2025/10/02/nyr
egion/mamdani-schools-gifted-and-talented-program.html?unlocked_article_code=1.qU8.2r_Q.kim6W6xpUuvp&smid=url-share
…",Curtis Sliwa
"💰 No dynamic pricing
🧢 Place a cap on resale prices
🏙️ 15% of tickets set aside for local residents at a discount

Add your name here:",Zohran Mamdani
"Thank you Baruch students for joining us! I’m running to make NYC a place where young people can afford to live, enjoy the city safely, and build their future right here.

Thank you  for setting it up!",Curtis Sliwa
,Zohran Mamdani
I think you mean the former governor (who resigned) who lost a primary (because he ran a garbage campaign) to a 33 year old socialist is the spoiler. Enough of this absurd narrative.,Curtis Sliwa
"Siraj Wahhaj is dangerous. This is disturbing to see. Wahhaj tried to sue me years ago and lost. He did it to threaten me for looking into his alleged crimes. 

“A Brooklyn jury took almost no time to decide Curtis Sliwa did not libel an imam who sued the Guardian Angels founder",Curtis Sliwa
,Curtis Sliwa
"I’m going into neighborhoods where the only Republican folks have ever seen is Lincoln on a $5 bill because I’m the only candidate for everyone. 

No matter your party, I’m the one who can make NYC safe and affordable again. 

",Curtis Sliwa
Have you voted yet!? Don’t sit this one out. Make your plan to vote and bring a friend! Find your poll site: ,Curtis Sliwa
,Curtis Sliwa
,Andrew Cuomo
"At the Ferragosto Festival in the Bronx with Team Sliwa, talking with supporters about my plans to make NYC safe and affordable. 🚨Join us: ",Curtis Sliwa
"New York, what an incredible turnout today so far — and we’re not even done yet! 

A special shout-out to my mom, Matilda Cuomo, who’s out there there making sure everyone gets their vote in!

New York, this is our last chance to save this city and shape New York City’s future",Andrew Cuomo
"Today I visited the Darou Salam Islamic Community mosque in the Bronx to listen, learn, and stand in solidarity with a community that is an essential part of New York’s fabric.

Imam Bamba Hedree, Darou Salam Islamic Community, said:
“We thank Andrew Cuomo for visiting our mosque",Andrew Cuomo
"Thank you to all my supporters! We are people powered! Get involved: 

🚨 “Republican candidate @CurtisSliwa raised money from a staggering 4,400 donors – four times as many as Mamdani.” x.com/nypost/status/…",Curtis Sliwa
"Yesterday, I met the brave New Yorkers who thwarted an attempted carjacking in Whitestone.

My message to these heroes was simple: as Mayor, I’ll have your back. 

Andrew Cuomo created this mess, and Zohran Mamdani would be the final nail in the coffin.

Let’s make this city",Curtis Sliwa
"Today I met with the Presidents Coop and Condo Council, including Warren Schreiber, Bob Friedrich, and other leaders, to hear directly about the pressures on coop and condo owners across NYC.

Top concern was Local Law 97 and the unaffordable hit it would bring to unit owners. I",Curtis Sliwa
"New York is a-changin'.

Our final ad just dropped.",Zohran Mamdani
A real pleasure to sit down for an extended conversation on  today. My thanks to the studio audience for the very warm welcome.,Zohran Mamdani
"It’s the first of the month, a day that brings dread and uncertainty for so many struggling tenants. 

And for the 2+ million New Yorkers in stabilized apartments, this month means another rent hike — the fourth in a row under this Mayor.

But change is coming.",Zohran Mamdani
,Zohran Mamdani
"A vote for Cuomo is a vote for Mamdani. He lost to Mamdani, resigned as Governor, and brought us laws like No Cash Bail that victimize people to this day. The polls had Cuomo winning until Primary Day, so this is all noise. Do not attempt to silence my supporters when Cuomo has",Curtis Sliwa
"From  “Walking a single block with Sliwa took 10 minutes, as Black and Latino residents stopped him for selfies, chitchat, and promises to vote for him. One bus driver even stopped in traffic, honked and waved Sliwa on board so he could make a quick pitch to passengers.”",Curtis Sliwa
Check out more on our page!,Curtis Sliwa
That’s actually half cheese half margarita!,Curtis Sliwa
"New York, here’s a little history on why we’ll win this race—last stretch magic courtesy of the good luck truck!

#VoteforCuomo",Andrew Cuomo
"I am PROUD New Yorker. This is the beauty of our city. The fabric we weave is made up of so many unique threads, each different, yet all bound together as New Yorkers.

Thank you for all who came up to support our final fundraising event before Election Day.

Now let’s go out and",Andrew Cuomo
"At the Holocaust Memorial Park’s Annual Remembrance in Sheepshead Bay, we honor survivors and vow never to forget. As mayor, I will mandate Holocaust education in the NYC public school curriculum so every student learns what happened. It is disgraceful that my three children went",Curtis Sliwa
"50 days to victory.

Pledge to vote: 

Sign up to canvass: 

Let’s turn the page on the broken politics of the past and win a city we can actually afford.",Zohran Mamdani
Yes,Curtis Sliwa
"When we vote we win! Join us! Make your plan to VOTE! ! We’re fighting back and we won’t be silenced. We deserve a future in NYC that finally works for the hard working people of this city who power it. We will never surrender, time to save NYC for ALL of",Curtis Sliwa
"Most who joined the Guardian Angels did so to escape gangs. 

That is who deserves support from a  Mayor. NOT the gang members taking innocent lives. Read my plan: ",Curtis Sliwa
US VS THEM,Curtis Sliwa
"I love this city too much to hand it over to political insiders and special interests. 

The architect, Cuomo, and the apprentice, Mamdani, are one and the same. 

I’m the People’s Mayor, and we will win together on November 4th!🚨 BREAKING: Republican NYC mayoral candidate Curtis Sliwa announces he is 'not dropping out under any circumstance'",Curtis Sliwa
"It was a beautiful Sunday afternoon in the Bronx and Harlem at our paper shredding events — we cleared out old junk mail, built community, danced, took family portraits and enjoyed frozen treats (it still felt a lot like summer). Thanks to everyone who joined.",Zohran Mamdani
"I was deeply honored today to stand in my home borough of Queens with Assemblywoman Vivian Cook and receive the endorsement of so many respected faith leaders.

Their support means the world to me, because these are leaders who know the difference between talk and action. They’ve",Andrew Cuomo
,Zohran Mamdani
Sign up for a Big Fall Canvass.,Zohran Mamdani
"It's not a pipe dream if you vote. But you have to be registered by Saturday.

Check your status, find the forms, get a sticker: ",Zohran Mamdani
Facts.,Zohran Mamdani
We're live from Forest Hills Stadium.,Zohran Mamdani
"Pleasant Plains is ground zero for City of Yes overreach. At 65 Uncas St a developer wants to jam multifamily into a block of one and two family homes. 

I am the only candidate suing to stop it. As mayor I will issue an emergency order on Day One to end City of Yes. 

Mamdani",Curtis Sliwa
"Thank you Bay Ridge! We feel the energy tonight. Walking your streets & meeting hardworking New Yorkers who deserve a mayor who fights for them every single day- I will be that Mayor for ALL of us. 

This city belongs to the people not the politicians. Bay Ridge is ready for",Curtis Sliwa
"On Sunday, I visited DEAR NEW YORK, Brandon Stanton's love letter"" to the city he's been documenting for years as ""Humans of New York"" for their family reception with student artists.",Zohran Mamdani
Rolling*,Curtis Sliwa
Cuomo should drop out - not much of a supporter as you don’t even follow us so keep capping 👍,Curtis Sliwa
"New Yorkers deserve a city that works every day, clean, safe, and affordable in every borough. 

With the world here for UNGA and the FIFA World Cup coming next year, we need it now more than ever.

That’s why I’m running for mayor. 

",Curtis Sliwa
True story bro,Curtis Sliwa
"Less than two hours left to vote. Get to the polls! This is our moment. It is us versus the political machine that wrote off working people and tried to shut us out. They are fighting hard because they know we are rising.

Stay in line. Bring your family, your friends, your",Curtis Sliwa
"No time to waste. 

Sign up for a canvass or a phonebank now.",Zohran Mamdani
,Zohran Mamdani
You literally voted for down ballot candidates that support Mamdani…?,Curtis Sliwa
"Cuomo made New York dangerous. Zohran wants to finish the job. We won’t let him.

",Curtis Sliwa
New York is for our workers.,Zohran Mamdani
"Playgrounds and parks across our city are neglected. Rats in strollers, broken equipment, unsafe conditions. I see it everywhere as I travel the boroughs.

Under a Sliwa Administration we’ll dedicate 2% of the budget to Parks, hire more workers and PEP officers, and give NewNYC’s Central Park playground overrun by brazen rats who even raid baby carriages: parents https://
trib.al/EVLimOD",Curtis Sliwa
"I’m grateful for the FDNY and other first responders who rushed to the scene of a partial building collapse in the Bronx this morning. 

No injuries have been reported — praying it stays that way.#Breaking: Emergency crews are responding to reports of a possible gas explosion and partial building collapse in the Bronx. https://
cbsloc.al/4nFxaDJ",Zohran Mamdani
"Appreciated today's conversation on public safety w/ @errollouis at , hosted by .

New Yorkers deserve to be safe — on the subway, in their neighborhoods, everywhere — and I will relentlessly pursue the evidence-based policies to make that our reality.",Zohran Mamdani
Meet the link to canvass.,Zohran Mamdani
East Village,Zohran Mamdani
Thank you Staten Island!,Curtis Sliwa
"They say taxing the wealthy and powerful their fair share is impossible.

They said the same thing about our campaign.",Zohran Mamdani
"Every New Yorker deserves to feel safe going to work, to school, or out to enjoy this city we love. I’m the only candidate for Mayor ready to make New York safe and affordable so working people can stay and thrive here.
Join us 👉 ",Curtis Sliwa
Between June 9,Zohran Mamdani
"Last week, Disney/ABC caved to Trump administration pressure. Millions of Americans helped them find their backbone. 

Whether you watch Jimmy Kimmel or not, today's decision is a victory for free speech.

We've reached out to WABC to reschedule the town hall.#JimmyKimmel returns! 

Disney and ABC will bring the comedian back to its schedule starting Tuesday night. “Last Wednesday, we made the decision to suspend production on the show to avoid further inflaming a tense situation at an emotional moment for our country.  It is a",Zohran Mamdani
https://pbs.twimg.com/media/G4cgNxGXEAAcKl5?format=jpg&name=small,Zohran Mamdani
Upper East Side,Zohran Mamdani
About to go live on !,Zohran Mamdani
Caught today’s  match with Spike Lee in Fort Greene (not a sentence I ever thought I'd get to write).,Zohran Mamdani
"On Staten Island, I joined labor leaders who know what’s at stake in this election. 

We need a mayor who will fight for jobs, safety, and affordability — not radical experiments that risk our city’s future.

Read more here: ",Andrew Cuomo
"Mamdani is too radical for this city. His fake smile, carefully curated videos, and staged interactions while chauffeured around with security are nothing but phony. He can’t hide from what he truly believes. New Yorkers aren’t stupid, and they see right through it.

We’re inNEW: Zohran Mamdani—a proud member of the DSA—has shied away from some of his fringe party’s agenda in his bid for mayor.

But newly-unearthed platforms from the DSA’s NYC chapter paint a picture of the extreme shift toward radical policies if elected. https://
nypost.com/2025/08/28/us-
news/these-are-the-outrageously-radical-dsa-nyc-policies-zohran-mamdani-refuses-to-say-he-rejects/
…",Curtis Sliwa
"Today I was proud to receive the endorsement of Teamsters  — the hardworking men and women who keep our schools, housing, and neighborhoods safe.

There is no greater responsibility than protecting our kids. Yet right now, New York City has 1,400 fewer school safety",Andrew Cuomo
"No, Cuomo** you mean. Who lost. A former Governor who lost to a 33 year old Assemblyman. Seriously? 70% of voters didn’t even rank him on their ballot in primary. None of my supporters would vote for Cuomo, who gave us No Cash Bail, HALT, Raise the Age, killed 15k seniors bc of",Curtis Sliwa
"Every mayoral administration leaves behind successes we can learn from—even if we disagreed with the mayor themselves.

Good to talk a little NYC history on  with  this morning.",Zohran Mamdani
It’s football season in #NYC 🏈! We had an amazing time the Xavier Knights vs Xaverian Clippers game last night! Congrats to Xavier HS for the win!,Curtis Sliwa
"In a city of world-class artists and production crew hunting for the next gig, Andrew Cuomo made a TV ad the same way he wrote his housing policy: with AI.

Then again, maybe a fake Cuomo is better than the real one?",Zohran Mamdani
"We will win. 💪

Over $1.9 MILLION in matching funds secured — all thanks to YOU, the hardworking people of NYC!

The momentum is real. New Yorkers are done with corruption, chaos, and communism.

Chip in today: ",Curtis Sliwa
"Remember, while I am a lifelong Democrat just like my father Mario Cuomo before me, this year I am running on the Fight & Deliver independent ballot line. 

Please make sure that you, your friends, and your family look for me there.",Andrew Cuomo
"Ydanis Rodriguez is the worst DOT commissioner we’ve ever had, so it’s no surprise he’s backing the worst mayoral candidate we’ve ever had (after Bill de Blasio and Andy Cuomo of course).

Vote for me and I’ll clean up DOT and this city by putting real professionals in charge whoNew: NYC Transportation Commissioner Ydanis Rodriguez — a longtime political ally to Mayor Adams who was crucial in driving Hispanic turnout for him in the 2021 election — is expected to endorse Zohran Mamdani in the 2025 race for City Hall today. https://
nydailynews.com/2025/10/26/nyc
-mayor-adams-transportation-head-ydanis-rodriguez-endorsing-zohran-mamdani-sources/
…",Curtis Sliwa
"Thank you to everyone in Harlem and the Bronx who came out for paper shredding, DJs, ice cream, dancing, sunshine, community, and joy this afternoon! 

Grateful to , , my look-alikes Diego and Devesh, and everyone else who helped  make it happen!",Zohran Mamdani
"🚨Watch now: Meet Donna Johnson, who lost her parents after Cuomo forced COVID patients into nursing homes, killing 15,000 seniors. He never apologized, but instead lies and harasses the families who want justice. Cuomo is failed, dangerous, and unelectable.",Curtis Sliwa
"The same career politicians who destroyed safety, pushed out working people, and handed your city to their wealthy friends now want you to trust them again. They have no shame and no respect for you. Cuomo and Mamdani are equally dangerous. They want you out. But I’m standing in",Curtis Sliwa
"Don’t tell us another New York City is not possible — we are already winning  it."" - tenant organizer Dorca Reynoso""",Zohran Mamdani
VICTORY!,Curtis Sliwa
"The horrific attack outside a synagogue in Manchester on Yom Kippur - the holiest day of the Jewish calendar - is a vile act of hate that shakes us all to our core. On a day of atonement, prayer, and reflection, Jewish families should have been safe in their house of worship.",Andrew Cuomo
Spoke with young journalists from  this morning on the bus on my way to Staten Island. We spoke about the race and the importance of young people getting involved with politics.,Curtis Sliwa
"I’ve said it before and I’ll say it again:

A vote for Sliwa is a vote for Mamdani. 

And here’s the proof: just this past March, Sliwa was openly supporting Mamdani to be the elected Democratic representative.

…So, is Sliwa staying in this race just to help Mamdani win?

We",Andrew Cuomo
"Donald Trump's pick for Mayor is Andrew Cuomo. That much is clear. 

But it's not because that will be good for New Yorkers. He knows it'll be good for him.",Zohran Mamdani
"Thank you Middle Village for the incredible reception! 

With your support we’re going to win. 

👉 ",Curtis Sliwa
"I just voted to save our city.

Now it’s your turn — get out there and vote!

Find your poll site: ",Curtis Sliwa
"“They’re right” - Cuomo and Mamdani defunded police. New Yorkers paid the price. I will always support our brave NYPD, to keep all communities victimized by crime safe. A vote for Cuomo is a vote for Mamdani.",Curtis Sliwa
"🚨 Early Voting Begins Tomorrow 🚨 The future of our city is in our hands. For years we’ve seen corruption, greed, and working people pushed out while the elite get richer. 

I’m running to make this city work for everyone so people can afford to live here, feel safe here, and",Curtis Sliwa
"With antisemitism on the rise & Jewish New Yorkers feeling under threat, I am honored to receive the endorsement of Crown Heights United PAC & humbled by the trust its leaders and the broader Jewish community have placed in me. I will not let you down.",Andrew Cuomo
"It shouldn’t go unnoticed that  - who still refuses to condemn the phrase ‘globalize the intifada’ (widely understood to mean death to Jews) - is running around during the High Holy Days as part of a PR stunt, but has yet to condemn the deadly Yom Kippur terror",Andrew Cuomo
"Two names, one mask: Mamdani = Cuomo. 

New Yorkers know this.

Vote Curtis Sliwa and end the horror show.",Curtis Sliwa
"I was honored to stand with Local 3 Queens today — the men and women who built the greatest city in the world. Together, we will rebuild it stronger: safe streets, affordable housing, good jobs, and a city that works for working people.",Andrew Cuomo
"“Among other plans, he wants to hire more cops, rein in developers, slash taxes on small businesses, raise taxes on Madison Square Garden, audit city agencies, roll back bail reform, double the parks budget, and crack down on cruelty to animals.”",Curtis Sliwa
"The momentum is here, and the choice is clear.",Curtis Sliwa
"The momentum is behind US. 

It’s US vs THEM.

Early voting starts tomorrow, Saturday, October 25th, and runs through Sunday, November 2nd. 

Make your plan to vote early and let’s take our city back. Let’s save New York.",Curtis Sliwa
For a New York you can afford.,Zohran Mamdani
True,Curtis Sliwa
*7 billion.,Curtis Sliwa
Read the full plan here. ,Zohran Mamdani
That’s a comparison we reject wholeheartedly…,Curtis Sliwa
"The death of Charlie Kirk is a horrific reminder of how dangerous and normalized political violence has become in America. 

We must stop celebrating division and start healing our country.

Today I pray for Charlie‘s family and for all who loved him. And I pray for this nation.",Andrew Cuomo
"A great part of my job is meeting all of you, the people of New York, and hearing your concerns and hopes for our great city. Grateful for the Republican support like this and for everyone coming together right now to save NYC.

I’m Ready On Day One! 

#VoteforCuomo #SayNoToZo",Andrew Cuomo
👏👏👏,Curtis Sliwa
"NYC faces gun violence despite “strict” gun laws. We saw a horrifying example of this last night in Times Square.

I’ll reinstate the NYPD’s Anti-Crime unit and crack down on gangs and gun traffickers.

Zohran Mamdani has called for defunding the NYPD and DELETING the gang",Curtis Sliwa
Oh god. You have 0% idea what ur talking about based on 0% things I’ve fought for. With all due respect: Stop being ignorant and focus on where you live. What a stupid statement.,Curtis Sliwa
"UNTIL IT’S DONE, Ep. 3: Earl Manigault

When he stepped onto the court, the world watched. No one dunked harder or jumped higher. But the GOAT never made it pro.

There are countless NYC stories like his. Brilliant talents lost to drugs or crime. It doesn’t have to be this way.",Zohran Mamdani
"To all Republicans: New York City’s future is on the line in this election. A vote for Sliwa in this race is a vote for Mamadani.

Thank you  for having me on.",Andrew Cuomo
"The subway system is no place to call home.

On Day 1 when I become mayor, I will immediately issue an executive order to reinstate the NYPD Homeless Outreach Unit and Shelter Security. 

These critical services were stripped from us by Zohran Mamdani’s mentor, Bill de Blasio, in",Curtis Sliwa
"Today I had the privilege of addressing congregants at the Persian Congregation of Park East, The Kenisah, during Rosh Hashanah services.

The spirit of Rosh Hashanah reminds us of renewal and hope, abundance and resilience. That is the spirit we need to carry forward into this",Andrew Cuomo
No- Trump never said that. Trump wanted Cuomo to resign. Cuomo also said at the debate he’d fight Trump. Cuomo never commended him for returning the hostages. You can support who you feel is best but this propaganda is an insult to the intelligence of New Yorkers. A vote for,Curtis Sliwa
"✅ freeze the rent
✅ 200k new affordable homes 
✅ make it easier to build",Zohran Mamdani
"An ER pediatrician, just heading home from work, was shoved onto the tracks at 50th Street. Miraculously he survived. This is the reality for too many New Yorkers. You deserve to feel safe going to work. We need more police and effective protection for our commuters now. Read my",Curtis Sliwa
,Zohran Mamdani
"👍While on NYC’s slowest bus, Mamdani says he’d as mayor bike, ride public transit to work https://
trib.al/EHKmwR3",Zohran Mamdani
"We’re hitting the streets of Staten Island! Be part of the team — volunteer, go door to door, and help us win. Sign up today at ",Curtis Sliwa
"Great to join  Mayoral forum to discuss the future of our City and what’s at stake this electionCuomo says he wants to rebuild Rikers Island into a 'state-of-the-art' new jail https://
crainsnewyork.com/politics-polic
y/andrew-cuomo-wants-rebuild-not-close-rikers-island?utm_term=Autofeed&utm_campaign=aware%3Aupr%3Apgv%3Aall%3Aalways&utm_medium=soc-own&utm_content=twt%3Aread&utm_source=Twitter#Echobox=1759936967
…",Andrew Cuomo
,Curtis Sliwa
"Cuomo and Adams are on an independent line.. listed under my independent line. If the Republican vote is split, city council candidates are affected. Don’t buy into this absurd narrative.",Curtis Sliwa
 x.com/zohrankmamdani…,Zohran Mamdani
,Curtis Sliwa
"In 2023, we won the Build Public Renewables Act — a groundbreaking law empowering NYS to speed up the clean energy transition and lower your bills with publicly-owned power.

Today is the deadline to tell  we need a plan for 15 GW by 2030. Take urgent action below.",Zohran Mamdani
Great to join  on  to talk about my plan to make NYC better than ever before.,Andrew Cuomo
"From the crews who built the Second Avenue Subway, a project postponed for 100 years, to the MTA workers who keep this city moving every single day, New York runs on the people who show up.

We honor the workers who build our city, protect it, and power it.
And we will always",Andrew Cuomo
"Day 3 of early voting starts at 9AM tomorrow‼️🚨. Our volunteers are everywhere bringing energy and hope to every corner of the city. This is our moment to stand up for the city we love. Bring your friends, your family, your neighbors. Let’s show New York what working people can",Curtis Sliwa
"No matter your political party, we can’t afford someone who wants you to move out of NYC because of what you believe. A leader works with everyone and unites people. They don’t force people out. A vote for Cuomo is a vote for Mamdani. Join us: ",Curtis Sliwa
A Vote for Silwa is a Vote for Mamdani… #VoteforCuomo,Andrew Cuomo
"This morning I joined the congregants of First Central Baptist Church in Staten Island for Rev. Demetrius Carolina’s birthday 🎂 

Faith communities like this are the heart of our city - where people come together to serve, uplift, and inspire one another.",Andrew Cuomo
"Over Andrew Cuomo's more than decade in power, homelessness rose, inequality widened, public services were starved of funding, working people were priced out of this city and he resigned in disgrace.

That's the experience he won't account for tonight.",Zohran Mamdani
"I appreciated the opportunity to meet with neighbors in East Elmhurst, Corona and LeFrak City last night at  as we continue to build this movement to make our city affordable.",Zohran Mamdani
"After another year of witnessing an unprecedented surge in acts of Jew hatred, many are concerned with their safety and their future in our great city. We must and will do better in the new year. God willing as your next mayor, my administration will work tirelessly to prioritize",Curtis Sliwa
"I deeply appreciated last night’s in-depth conversation on “Centering Black Women in the 2025 Mayoral Election,” hosted by The Links, Incorporated in Harlem.",Zohran Mamdani
🚨17 Days till Early Voting! Make your plan to vote! ,Curtis Sliwa
"30 minutes to go ⬇️⬇️⬇️We want YOU to help us register thousands of New Yorkers to vote by redesigning the iconic I VOTED sticker.

But you need to move fast. Submit your design at the link below by Friday at 6pm - and get ready to pick a winner this weekend.",Zohran Mamdani
"Thank you Brooklyn! 

 
",Curtis Sliwa
 x.com/zohrankmamdani…,Zohran Mamdani
"This morning I visited the Sikh Cultural Society Gurdwara in Richmond Hill. I spoke with the board and congregation about strengthening local businesses, helping children succeed in specialized high schools, and protecting their neighborhood from the City of Yes. Thank you to",Curtis Sliwa
"🚨 NEW AD: Day One

I may not be great at every job — but I know how to make government work.

✅ 5,000 new cops to partner with community groups
✅ Getting the homeless off the streets & into care
✅ Real results for New Yorkers

Unlike dangerously inexperienced ,",Andrew Cuomo
"We have to change our ways if we want to change our results.

I will deliver excellence and accountability in our public school system.",Zohran Mamdani
"New York City businesses have been fleeing for years, and now we have the slowest private sector growth since 2003. 

This isn’t Mamdani doing it, this is the result of a failed former governor and a terrible mayor driving our city into the ground. They’ve crushed small",Curtis Sliwa
,Zohran Mamdani
Believe it,Andrew Cuomo
Team Sliwa is ready to go for Debate Night! Let’s go!,Curtis Sliwa
"It's d̶e̶b̶a̶t̶e̶ bingo night in NYC! 

And since Andrew Cuomo rarely has anything new to say, the odds are in your favor. 

Download/print a board at the link below and follow along starting at 7 p.m. on  + .",Zohran Mamdani
,Zohran Mamdani
"Rep.  fights for the people, too: he's stood up to the utilities ripping off his constituents and taken on monopoly power in Congress.

It's a true honor to earn his endorsement.Public service is all about one thing: who do you fight for? 

@ZohranKMamdani fights for the PEOPLE. 

Andrew Cuomo is a selfish POS who only fights for himself and other corrupt elites. 

I know whose side I’m on. I’m with the people. I’m with Zohran.",Zohran Mamdani
"We can only do it with you.

A year ago, Zohran Mamdani was polling at 1%. He took on the entire Democratic establishment and built a grassroots movement of 90,000 New Yorkers.

And, with your hard work, over the next eight days, this young man is going to make American history.",Zohran Mamdani
,Curtis Sliwa
"Andrew Cuomo, when New Yorkers were drowning and losing their homes during Hurricane Sandy, you told them to sell their houses and said, “Maybe Mother Nature doesn’t want you here.” That is not leadership. That is abandonment.

And it wasn’t just Sandy. During the pandemic you",Curtis Sliwa
"There’s not a chance in hell that I’ll abandon the people of New York City. 

We’re not going backwards. You deserve better.

👉 Join us: ",Curtis Sliwa
,Zohran Mamdani
"In twelve days, New Yorkers will begin to cast their ballots and face a stark choice.

A choice between democracy and oligarchy. Between a city you can afford or more of the same. Between the hope of a brighter future or a broken past.

We will choose the future.",Zohran Mamdani
Read more at .,Zohran Mamdani
"This weekend:

35 canvass launches. 
All five boroughs.
Six weeks left.

The home stretch starts now.",Zohran Mamdani
"👀New: Zohran Mamdani's transition committee raised $517,947.30 in its first 30 hours from 7,074 donations, his campaign tells me. (Average of $73)",Zohran Mamdani
"On National First Responder Day, I want to thank all the brave men and women who put their lives on the line to keep us safe. 

I’m the only candidate for mayor who truly has the backs of our first responders, and when elected, I’ll fight every day to make sure your needs are",Curtis Sliwa
I'm on the slowest bus line in the city with the slowest buses in the nation to talk to New Yorkers about what it would mean for their lives if we made them fast and free.,Zohran Mamdani
,Curtis Sliwa
"The health department has confirmed two cases of measles in Manhattan, with potential exposure on the Lower East Side and in SoHo.

Public risk is low because of our high vaccination rate—a good reminder to make sure your kids are protected. More info from  below.NEW: Two adult measles cases have been identified in Lower Manhattan.

Health Dept is reaching out to people who may have been exposed to encourage testing.

This news comes amidst concerted effort by RFK to undermine confidence in the MMR vaccine.

Thankfully—for now—the measles",Zohran Mamdani
2 minutes until debate time!!! Tune into NBC Channel 4 now! Thank you to  for putting together a great rally outside. Let’s win this! Join us: ,Curtis Sliwa
"Thank you for the endorsement,  

New Yorkers need results, not 
de Blasio 2.0.  

Every parent knows education is the great equalizer. It’s how we give our children the chance to get ahead and live better lives than the generation before them. That’s why I putPLACE NYC Endorses Andrew Cuomo for Mayor
“Without a doubt, Andrew Cuomo’s education plan aligns best with our advocacy. He understands that families who rely on public schools want more academic rigor and more opportunities for accelerated learning,” said Lisa Marks,",Andrew Cuomo
"Congratulations, . I know how hard you worked for this.Trump says he'd vote for Cuomo",Zohran Mamdani
👆👆,Curtis Sliwa
,Andrew Cuomo
"You put in the hard work to live here. You deserve to feel safe here so you can work, travel and enjoy New York City no matter the hour. Read my plan to protect our city: ",Curtis Sliwa
Another desperate attempt by people who can’t stand the idea of New Yorkers electing their mayor instead of billionaires buying one.,Zohran Mamdani
"Today I was proud to receive the endorsement of the Operating Engineers - 21,000 hardworking men and women who literally build NYC.
 
These are the people who power our airports, bridges, subways, and schools, and they know what it takes to get the job done.  I’ve spent my career",Andrew Cuomo
At the marathon’s halfway point on Manhattan Ave in Greenpoint.,Zohran Mamdani
"This am, I had the privilege of joining the congregation of the Free Methodist Church of Bethlehem in Brooklyn

We discussed affordability, public safety, & how the government must deliver real results. Together, we can make NYC safe, affordable, & full of opportunity once again",Andrew Cuomo
,Zohran Mamdani
"It’s beyond horrific that in 2025 antisemitism is at an all time high. The terror attack at a Manchester synagogue on Yom Kippur was terrorism and a display of vile Jew hatred.  My heart is with the victims and Jewish communities in the UK and here in New York. 

I’ve stoodManchester police say they believe the synagogue attacker is 35-year-old Jihad Al-Shamie, a British citizen of Syrian descent.
Jihad drove a car at people outside the synagogue before attacking bystanders with a knife. Jihad was shot dead by police at the scene.",Curtis Sliwa
"Thank you Staten Island! It’s time to get to the polls! Bring your family, friends and neighbors. Find your pollsite: ",Curtis Sliwa
,Zohran Mamdani
"Getting ready to rally at Forest Hills Stadium. 

@ us in your pics and videos 🙂",Zohran Mamdani
"A busy first day as your Mayor-elect: early morning interviews, transition announcements and meetings. More to say on all of it tomorrow. 

But a highlight was lunch with my Congresswoman  at Laliguras Bistro in Jackson Heights.",Zohran Mamdani
"The last time the U.S. hosted the World Cup, a ticket to the final was <$200 — in today's dollars.

Next year, we're looking at *face value* tickets of $6,000.

I joined Lina Khan on  last week to talk about FIFA's absurd and greedy ticketing plans.",Zohran Mamdani
"We didn’t smash any tables. We didn’t eat a garbage plate. But you better believe the Bills got that W today.

Thanks to Governor  for bringing the #BillsMafia energy to Astoria today—and to Murphy’s Bar for having us.",Zohran Mamdani
"One of the most powerful corporations in the history of the world is firing unionized drivers in Queens.

Solidarity with the  who rallied today against these unjust layoffs and to demand good faith negotiations.BREAKING: Amazon Teamsters and supporters rallied today at Amazon’s DBK4 facility in Queens following the company’s sudden and illegal firing of over one hundred of its unionized drivers.

Drivers at the DBK4 facility joined the Teamsters in September 2024. Last year, the",Zohran Mamdani
"ROFL look at big bird De Blasio!

#WorstMayorEverHappy birthday @ZohranKMamdani 

#nokings",Curtis Sliwa
"We're facing a dire shortage of teachers. We'll hire 1,000 new ones every single year and deliver on the class-size reduction law I was proud to help pass in Albany.",Zohran Mamdani
"Today, as New York City came together for the NYC Marathon, we honor Zoe Koplowitz. 

She lives with multiple sclerosis and has crossed the finish line of the NYC Marathon 25 times. She reminds us that the race belongs not only to the swift and strong, but to those who keep",Curtis Sliwa
"I’m so grateful to earn the support of Senator , one of the most prolific and principled legislators in our state. We will accomplish great things together for the people of New York City.I am proud to endorse @ZohranKMamdani for mayor. He is the only candidate offering real solutions to the problems that are front of mind for NYers, and the only one committed to serving the interests of NYers, not his own and especially not Donald Trump's. https://
nbcnewyork.com/news/local/zoh
ran-mamdani-endorsement-liz-krueger/6384517/
…",Zohran Mamdani
"It was an honor to speak at the National Council of Negro Women’s forum in Queens. Cuomo and Mamdani didn’t show. I always will. For 46 years I’ve stood with communities across this city. As Mayor, I’ll stop displacement, bring down the cost of living, make our streets safe, and",Curtis Sliwa
"A major coastal storm is headed our way tonight and into Monday, which is likely to bring heavy winds and rainfall. Please take precautions! 

Report locations of downed trees at  or call 311. Report power outages to 1-800-75-CONED.Here is the latest briefing on the coastal storm expected to impact the region today into Monday. Click the link here for the details: https://
weather.gov/media/okx/DSSB
uilder/LatestBriefing.pdf
…
#nycwx #nywx #njwx #ctwx #hvwx #liwx",Zohran Mamdani
"I am once again asking you to stop sending us money.

But we do need your time. ⏰",Zohran Mamdani
Trump's ICE is a reckless agency.  Collaboration hasn't worked. We need to change our laws—and stand up to Washington.,Zohran Mamdani
,Zohran Mamdani
"And we've already seen the transformative impacts of eliminating the fare when we won and implemented a historic fare free bus pilot on one line in each borough.

Ridership went up. Assaults on operators went down. And people saved money.",Zohran Mamdani
"It was good to be at Rochdale Village yesterday evening for a conversation about improving quality of life, upgrading infrastructure, and ensuring communities like these remain affordable for the people who call them home.",Zohran Mamdani
True story,Curtis Sliwa
How they actually feel about each other.,Zohran Mamdani
,Curtis Sliwa
"“None of this is simple. None of it is going to be easy. But what has been so frustrating is it has seemed for many years as if there are many who are not even trying. They are simply at peace with a status quo that we know is broken for so many."","","",457""",Zohran Mamdani
"Plenty of shifts left, let’s get it",Zohran Mamdani
"Nancy and I visited supporters on Coyle Street to say thank you to everyone rallying for our campaign.

This community has been out here for over a year, standing up against Adams and the shelter forced next to homes, schools, and small businesses.

All my opponents support “City",Curtis Sliwa
"The choice is simple: a new, better way forward for NYC or , Bill de Blasio 2.0",Andrew Cuomo
My message to the Jewish community in NYC.,Curtis Sliwa
"New Yorkers are sick of being told to support those who brought us a crime crisis that victimizes people hard working every day. 

Cuomo and Mamdani support No Cash Bail, less police, and changed laws to make it difficult for our brave law enforcement to do their jobs. 

Thanks",Curtis Sliwa
"If you didn’t get a chance to watch Thursday’s mayoral debate, here are some highlights. Bottom line: New York, you deserve a mayor with REAL experience, someone who backs up their promises with action — not empty words.",Andrew Cuomo
"Great to meet with Rabbi Zvi Pollack of Congregation Agudas Shomrei Hadas. Rabbi Pollack is a true Staten Island icon and the borough’s longest-serving active Rabbi. For nearly 50 years, Rabbi Pollack’s leadership and vision have helped shape Staten Island into a strong and",Andrew Cuomo
,Zohran Mamdani
"This campaign has always been about bringing people together to improve the quality of life for every New Yorker. 

I welcome Leader Jeffries’ support and look forward to delivering a city government and building a Democratic Party relentlessly committed to an affordabilityBreaking News: Representative Hakeem Jeffries, the House Democratic leader, endorsed Zohran Mamdani in the race for mayor of New York City. Jeffries emphasized that the party needed to unite in the face of an “existential” threat from President Trump. https://
nyti.ms/43ifLJl",Zohran Mamdani
Great to join  and  for a wide-ranging 90 minute conversation on  — episode to drop on 10/21,Andrew Cuomo
"As the sun sets on Day 3 of early voting, New York, I’m not backing down. And neither should you. 

We’re going to shock the world on November 4. 

Let’s go! 🚨

👉 ",Curtis Sliwa
"Thank you Rockaway! 

The movement to take our city back is unstoppable🔥",Curtis Sliwa
"Shanah Tovah! As the Jewish community prepares to welcome the New Year, I want to extend my warmest wishes for health, peace, and blessings in the days ahead. Rosh Hashanah is a time of reflection, renewal, and hope for what is to come.

I am grateful to the Eden family for",Curtis Sliwa
BREAKING:  Mayor Adams will NOT drop out of race for Mayor,Zohran Mamdani
"Women are disproportionately victimized by violence while commuting to work, school or going out at night. The subway is unsafe late at night, filled with harassment, perverts, catcalling, and hate towards women.

Everyone in New York deserves to feel safe no matter the hour or",Curtis Sliwa
Even in a contest against men twice his age,Zohran Mamdani
"I'm horrified by the shooting of Charlie Kirk at a college event in Utah.

Political violence has no place in our country.",Zohran Mamdani
,Zohran Mamdani
"Hochul just pulled off the biggest political sellout in New York history. 

Weeks ago she swore she wouldn’t raise taxes. Now she is in a shotgun marriage with Mamdani to save her own skin. 

Catastrophe for our city and state. Worst governor in America.",Curtis Sliwa
"On the holiest day in the Jewish year, an antisemitic attack at a synagogue in England has taken the lives of two and gravely injured others. My thoughts are with the victims and their families.

While this terrible violence occurred an ocean away, a very real fear casts a shadow",Zohran Mamdani
"NEW YORK CITY, get out there and VOTE!

Remember I’m on the second line of the ballot under Fight & Deliver.

#VoteforCuomo",Andrew Cuomo
"A Mayor has to be ready to hear both — and everything in between.Zohran Mamdani’s newfound celebrity on full display on an uptown R train after leaving a Union Square presser. 

He got some “we love you”, a couple “fuck you” and many requests for pictures",Zohran Mamdani
"Thank you for your support! It’s clear whose campaign is powered by working people, not the elite. The momentum is with us — and together we’ll keep building it. Chip in today at: ",Curtis Sliwa
"This morning I ran the NYC Gaza 5K in Prospect Park for the third time, alongside the Harlem Run Club, to raise money for , which delivers critical humanitarian aid and services to Palestinians in Gaza. 

I hope you'll join me in donating.",Zohran Mamdani
"This initiative will provide $12,000 per student per year to cover tuition for teaching degrees in exchange for a commitment to teaching in the NYC Public School system for three years. 

Participants will also receive free OMNY cards, certification exams, and mentorship from",Zohran Mamdani
"“Roughly two months before New York City’s mayoral election, Zohran Mamdani has raised enough money to hit the $8 million fund-raising cap.”",Zohran Mamdani
Thank you!! Let’s win this!,Curtis Sliwa
"New Park Pizzeria in Howard Beach was where I had my very first slice in 1959. I was visiting my Aunt Mary’s family in Old Howard Beach when my cousin Joey G., the “cheech from Howard Beach,” brought me there. It was delicious then, and it was just as good last night. For",Curtis Sliwa
3 hours left! Let’s do it New York!,Curtis Sliwa
"💪 Election Day is ONE MONTH away! HTC volunteers are bringing the energy in East New York, Brooklyn for @ZohranKMamdani for NYC Mayor!",Zohran Mamdani
"The Bronx united is a force to reckon with. 

Incredible energy and purpose at the  dinner last night with ,  and so many wonderful leaders.",Zohran Mamdani
"This city says we don’t judge you by where you came from or what your religion is -- we’re all New Yorkers. That’s New York City.

'We’re All New Yorkers' Cuomo Wins Support Across Muslim Communities"" via """,Andrew Cuomo
"I’m the only candidate who supports police and fights for victims. Cuomo is dangerous. He ended cash bail and closed more jails than any governor, flooding our streets with violent repeat offenders. Now he wants to rewrite history but we will never forget the war on public safety",Curtis Sliwa
,Curtis Sliwa
"https://pbs.twimg.com/media/G3P_eExWYAEpUob?format=jpg&name=small,https://pbs.twimg.com/media/G3P_foQXcAABF2i?format=jpg&name=360x360,https://pbs.twimg.com/media/G3P_g0mXcAAsz28?format=jpg&name=360x360",Zohran Mamdani
,Zohran Mamdani
"Federal agents from ICE and HSI—some in military fatigues and masks—descended on Chinatown today in an aggressive and reckless raid on immigrant street vendors.

Once again, the Trump administration chooses authoritarian theatrics that create fear, not safety. It must stop.More than two dozen federal law enforcement officials descended on Canal Street in Chinatown on Tuesday afternoon, detaining at least four people as part of an apparent raid that later escalated into street clashes with bystanders. https://
gothamist.visitlink.me/pOjafu",Zohran Mamdani
,Curtis Sliwa
Vote for me and I’ll bust out the wok and let it rip like that dude,Curtis Sliwa
"Your ability to lie is unprecedented. This is ironic. Both you and Mamdani have voiced support for:

- No Cash Bail
- Closing Rikers Island
- Defunding the Police
- Raise the Age
- “Safe” Injection Sites
- Congestion Pricing
- City of Yes
…and much much more 

I am the ONLY",Curtis Sliwa
Tune in tonight on  to  as I discuss my campaign for NYC Mayor! 🗽,Curtis Sliwa
https://pbs.twimg.com/media/G0loSEEXYAAZzZ0?format=jpg&name=small,Zohran Mamdani
"Only in New York can you be on the campaign trail and bump into a bride and groom in tux and gown. This city has everything and that is why I’ve fought for it my whole life and why, as mayor, I will fight every day to keep it safe, affordable, and full of surprises like this.",Curtis Sliwa
"Thank you  for your endorsement.

New Yorkers, early voting is underway. Don’t sit out this election. Make your voice heard and your vote count. 

#VoteforCuomo

",Andrew Cuomo
"Honored to receive Bishop Calvin Rice’s powerful endorsement this morning at  in Queens: New York doesn’t need extremes, we need unity & leadership that gets results.",Andrew Cuomo
"We're with  healthcare workers in front of St. Barnabas Hospital in the Bronx, where patients and staff will bear the devastating brunt Trump's cuts to Medicaid.

We need a Mayor who will stand up to this federal administration, not take orders from it.",Zohran Mamdani
"Together, these proposals:

1) Increase accountability
2) Reduce redundant spending
3) Grow compliance rates for school-level purchases
4) Decrease retroactive and emergency procurements
5) Accelerate the procurement cycle",Zohran Mamdani
"I already beat another guy who cut Medicaid, gave tax breaks to billionaires, and hounded multiple women who accused him of sexual harassment — might as well debate the one actually calling the shots.",Zohran Mamdani
"Proud to join Candidates’ Night with the Astoria Homeowners, Tenants & Business Civic Association. I spoke about my plans to lower costs for residents, clean up our community, make the city work better, and keep everyone safe. Read more: ",Curtis Sliwa
Yes,Curtis Sliwa
Muslims Against Mamdani: Ask Us Why,Andrew Cuomo
".’s latest proposal to eliminate NYC’s Gifted & Talented program is not just another political stunt– it’s destructive and emblematic of a deeper problem in today’s Democratic Party–  the surface level appearance of a solution is sufficient.

The Department ofMamdani Says He Would Phase Out N.Y.C. Gifted Program: https://
nytimes.com/2025/10/02/nyr
egion/mamdani-schools-gifted-and-talented-program.html?unlocked_article_code=1.qU8.2r_Q.kim6W6xpUuvp&smid=url-share
…",Andrew Cuomo
"This morning I met with 150+ pastors & community leaders in Bed-Stuy

The message is simple: government isn’t about ideas, it’s about getting things done.

We’ve done it before: raised wages, rebuilt LaGuardia, passed the smartest gun violence prevention laws in the nation.  And",Andrew Cuomo
"How desperate and disturbing is this? The elite are so desperate to silence us. But, no matter how much the elite spend, your vote counts EQUALLY as theirs. Make your plan- it’s now or never NYC! Vote here: Defend NYC, a pro-Cuomo super PAC operated by Trump adviser Jason Meister, is spending hundreds of thousands of dollars on sending out this text message to NYC voters, hoping it'll convince them to vote Cuomo for mayor, new filings show.",Curtis Sliwa
"If you loved this ad, sign up for our Survivor phonebank **tonight at 6 PM** hosted by the contestants! 

Signup here ⬇️ ",Zohran Mamdani
"As Netanyahu addresses the United Nations in New York City this morning, the world recoils in horror at the ongoing genocide in Gaza.",Zohran Mamdani
"We have built something extraordinary together. But we can't stop now.

Let's leave it all on the doors.",Zohran Mamdani
". owes NY'ers answers.

Today's damning  exposé revealed what we all suspected:

-The  (DSA) has been dictating Mamdani’s policies for years & is deeply embedded in his campaign
-Weekly meetings
- Secret marching orders
- And they expect him toRed alert: Mamdani expected to follow will of radical-left DSA if elected, group’s leaders boast at meeting attended by Post https://
trib.al/4UqtrjJ",Andrew Cuomo
My full message for these High Holy Days.,Zohran Mamdani
"This morning in Astoria — alongside ,  and  VP Mary Vaccaro — we released “Community to Classroom,” a new citywide teacher recruitment initiative.",Zohran Mamdani
"Considering your username, I think you sit this one out. Also it’s 2025, so no need for that…try again.",Curtis Sliwa
"The trend continues—the momentum is ours.  

The more people vote, the stronger we are -- let's go, New York City.

We are going to win!New - Mayor poll - NYC

🔵 Mamdani 44%
🟡 Cuomo 39%
🔴 Sliwa 16%

Atlasintel #A+ - LV - 11/2",Andrew Cuomo
Black New Yorkers respond to ’s statements,Andrew Cuomo
"Today’s news confirms it: Cuomo is Trump’s choice for Mayor. The White House is considering jobs for Adams and Sliwa to clear the field.

New Yorkers are sick of corrupt politics and backroom deals. No matter who’s running, we will deliver a better future on November 4.Breaking News: President Trump's advisers are said to have discussed giving Mayor Eric Adams a position in the administration as a way to clear the field in November’s mayoral election and damage the chances of the Democratic front-runner, Zohran Mamdani. https://
nyti.ms/47sVF1S",Zohran Mamdani
We can make it easier for small businesses and entrepreneurs to flourish while also ensuring that the most profitable corporations in the world pay their fair share.,Zohran Mamdani
"Good morning, Staten Island!

I’ve been coming here for years, not just popping in during election season like the others. 

I’ve always stood with you, and I always will.",Curtis Sliwa
"On the 24th anniversary of 9/11, I joined Cantor Fitzgerald’s Charity Day to honor those we lost and support the families who live with this pain every day.

Out of tragedy, New Yorkers showed resilience and generosity. That spirit endures. 🕯️💙
#NeverForget",Andrew Cuomo
This happens to be true.,Zohran Mamdani
That’s Cuomo as he lost to Mamdani already. 70% of Dems didn’t rank him. None of my supporters would. Stop silencing the amazing people standing with me everyday.,Curtis Sliwa
"Always great being in the Bronx. You can feel the momentum building. 

The people will win.",Curtis Sliwa
It’s an honor to have the support of  as we enter the final days before the election and to say in one voice: hands off .,Zohran Mamdani
Soap is cool,Curtis Sliwa
"How Are the Very Rich Feeling About New York’s Next Mayor?""",Zohran Mamdani
"Team Sliwa is out at the Woodhaven Street Fair meeting thousands of great New Yorkers! We are going door to door, visiting festivals, and making calls everywhere. We are grassroots and together we can win! 💪
",Curtis Sliwa
,Zohran Mamdani
"A great day in the Bronx spending time with New Yorkers that are building, hiring and driving our city forward!",Andrew Cuomo
Move here and vote,Curtis Sliwa
Forest Hills,Zohran Mamdani
This city belongs to you.,Zohran Mamdani
,Zohran Mamdani
"Celebrating our first Queens HQ! I was born in this city. I’ll die fighting for the people in this city. 

We will fight every day till we win, because the amazing people of NYC are worth fighting for.",Curtis Sliwa
Upper West Side,Zohran Mamdani
"New York’s Bravest once again showed us what true courage looks like this morning in the Bronx.  The men and women of the FDNY run into the fire so that New Yorkers can be safe. Their bravery and sacrifice, and that of all of NY’s first responders, remind us of the strength of#Breaking: Emergency crews are responding to reports of a possible gas explosion and partial building collapse in the Bronx. https://
cbsloc.al/4nFxaDJ",Andrew Cuomo
"Yom Kippur is a day of reflection, of forgiveness, of restoration. This year, may we all pray for a better, kinder, more peaceful future.

Wishing all who observe across the five boroughs and the world a meaningful, easy fast. G’mar chatimah tovah.",Zohran Mamdani
"The NYPD now responds to hundreds of thousands of mental health calls every year, slowing response times for other emergencies. 

We can deploy trained public health workers and allow cops to focus on the serious crimes that too often go unresolved.",Zohran Mamdani
"Thank you, New York City. 

Now let’s win.",Zohran Mamdani
Find out how to say it tonight on !Tonight! Jon Stewart sits down with Zoehan Mendairy ❌ Zoeran Ma'amdanny ❌ Zohran Mamdani ✅,Zohran Mamdani
👍,Curtis Sliwa
"We need real compassion and real solutions.

The subways are the lifeblood of New York City, but they’ve become unsafe, disorderly, expensive and dysfunctional. Rising crime, mental health breakdowns, and fare evasion have turned trains and stations into hotbeds of lawlessness.",Curtis Sliwa
"In the quiet of the night, when the cameras are off, the crowds have gone home, and there are no more digital hearts to be awarded, it has become increasingly clear that ’s mind is an empty vessel consumed with only one thing: saying whatever it takes to win the“We can’t reform our way out of a racist police system that’s working exactly as designed — as a means of control over Black & brown New Yorkers,” Mamdani wrote in 2022, when he was pushing to cut the NYPD by 1,300.

@boreskes on then and now
https://
nytimes.com/2025/09/22/nyr
egion/mamdani-nypd-officers-police.html?smid=tw-share
…",Andrew Cuomo
,Curtis Sliwa
"Our city is facing the highest attrition rate in modern history. We need more police.

#VoteforCuomo #SayNoToZo",Andrew Cuomo
"🚨 Read My 100 Day Plan to Make NYC Safe, Clean, Functional and Affordable! My administration will be focused, transparent, and accountable. New Yorkers will finally have a mayor who works for working people, not the political elite. Read more: ",Curtis Sliwa
"We’re hiring!

Our new resume portal is live, and we’re looking for top talent in NYC to help build this administration and deliver on our affordability agenda.

Could that be you? Apply using the link below.
",Zohran Mamdani
"Congratulations to  /  workers for reaching strong tentative agreement. 

Even as researchers face federal funding cuts, you have proven that organizing is the way to raise standards and secure your rights on the job.We reached a Tentative Agreement! The strike is suspended pending the results of our ratification vote. Stay tuned for more details on the vote!",Zohran Mamdani
"Thank you to  for the endorsement!

New Yorkers, we CAN win this election, but only if every single one of you shows up to VOTE. 🗳️

Don’t count yourself out or think your vote won’t matter. It just might be the one that makes the difference.

Early voting has begun.",Andrew Cuomo
"On this Yom Kippur, I wish all who observe an easy and meaningful fast.
This sacred day reminds us of the power of reflection, forgiveness, and renewal. 

None of us is perfect, I know I have made mistakes, even when acting with the best of intentions. Yom Kippur teaches us to",Andrew Cuomo
"Find your early voting site here:

",Curtis Sliwa
"No more corruption and chaos.

",Curtis Sliwa
"We stand with In recent months, three horses pulling carriages have spooked and bolted in Central Park. Pedestrians were injured. Public safety is one of several reasons why the Central Park Conservancy is, for the first time, calling for a ban on horse-drawn carriages. https://
nytimes.com/2025/08/12/nyr
egion/central-park-horse-carriages.html?smid=nytcore-ios-share&referringSource=articleShare
…",Curtis Sliwa
"How do we speed buses up? There are plenty of tools already in the city's toolbox. 

Just look at the 14th St busway.The 14th Street Busway has been a smashing success: faster commutes, fewer crashes, calmer streets. 

So why is Eric Adams blocking a similar plan for 34th Street?",Zohran Mamdani
"One year ago today, just before dawn, preparing for my first interview as a candidate for Mayor of New York City.

What we have built together over these past 12 months is nothing short of extraordinary.

12 more days to bring it home.",Zohran Mamdani
See you tonight NYC — Round 2,Andrew Cuomo
"The best days in NYC are still ahead. I’m asking for your vote this Tuesday to be your next mayor, for the people who power this city. If you haven’t voted yet, make your plan today. My plan to save NYC starts day one. I’ll make city agencies work efficiently to keep communities",Curtis Sliwa
Andrew Cuomo is incapable of speaking clearly and directly about Trump’s authoritarianism.,Zohran Mamdani
Polls are open until 9pm. ,Zohran Mamdani
"🚨 Within one hour this week: a slashing in Jackson Heights, a knifepoint robbery at 59th St, a brutal Brooklyn beating, and a sword-wielding killer. We spoke about how I’d fix rampant crime at my presser this morning. 

Our subways & buses have become unsafe and lawless. Riders",Curtis Sliwa
"What changed?This was 2018, Gov Andrew Cuomo BLOWS UP New York with HORRIFIC Leftist policies: No Cash Bail/SHUTTING DOWN Prisons. Now he’s running for Mayor to “fix” New York, counting on people not remembering that HE BROKE NEW YORK. DO NOT LET HIM GET AWAY WITH IT.",Curtis Sliwa
This never happened… But keep trying to silence hundreds of thousands of people who are fighting for us everyday. We’re not going back to those who brought us this level of hardship and decline to NYC. A vote for Cuomo is a vote for Mamdani.,Curtis Sliwa
"Thank you for the support, Rabbi Miller — together we will unite NYC and fight hate in all its forms 

Prominent Rabbi Endorses Andrew Cuomo, Warns Mamdani Poses Threat To Jewish Community  via .CA",Andrew Cuomo
"Andrew Cuomo cheered the closure of Rikers. Just last month he said it should have been shut a decade ago. Now, desperate for a rebrand, he says keep it open. Which Cuomo are New Yorkers supposed to believe—the one from 2018? 2019? September 2025? October 2025?

I’m consistent.*New* Cuomo Calls for Rebuilding Rikers Island Instead of Closing the Jail Complex: https://
nytimes.com/2025/10/08/nyr
egion/cuomo-rikers-island-jails.html?unlocked_article_code=1.r08.HyUO.MXCmY3Vl_Kra&smid=url-share
…",Curtis Sliwa
,Curtis Sliwa
"Congratulations  Local 210 workers at Perrigo on ratifying a strong new contract. I was proud to walk the picket line with you in the Bronx earlier this week.

Workers shouldn't have to strike to win dignity and respect on the job — but sometimes that's what itToday I walked the picket line with @TeamstersJC16 Local 210 members on strike in the Bronx.

When @PerrigoCompany picked this fight, it wasn't just with these workers — it's with all of us. Because New York is a union town.",Zohran Mamdani
Now Cuomo is glazing me? Damn…,Curtis Sliwa
"I am thinking of the people of Jamaica, and the many New Yorkers with loved ones there, as Hurricane Melissa — fueled by a warming ocean — grows into the strongest storm ever to bear down upon the island.",Zohran Mamdani
"Yesterday I sat down with the Manhattan Chamber of Commerce to share my vision for a stronger, more prosperous New York.

For too long, government has been an obstacle to growth. My plan will change that:

-Launching a $1.5B Five-Borough Economic Transformation Fund",Andrew Cuomo
Who was the one candidate fighting agaisnt the illegal migrant shelters and was arrested for it?,Curtis Sliwa
"This morning I visited the Sikh Center of New York in Queens, where I was welcomed with incredible warmth. 

The Sikh community has always been a vital part of the New York family, embodying the spirit of seva - service to others - that makes our city stronger, fairer, and more",Andrew Cuomo
"New Yorkers, WE WILL WIN this election. Not just for ourselves, not just for our families, but for our city, our state, and our country. 

Early voting is underway. Cast your vote and show the power of unity in our beautiful city at the polls. Together, we’ll keep New York moving",Andrew Cuomo
Got a big team dude…,Curtis Sliwa
"Forty days left. The elites are panicking. Even Gerson Borrero, who has previously supported Cuomo, said last night on ’s “Inside City Hall” that he knows it’s true and he personally knows some of the people who tried to bribe me. I cannot be bought. I will not stand by while",Curtis Sliwa
"We've come a long way in building engineering safety—it's time our regulations caught up.

While we must ensure that older buildings with more brittle facades are safe for the public, longer inspection timelines are more appropriate for newer buildings.",Zohran Mamdani
I visited Grand Street Senior Housing on the Lower East Side today and tried a little Bomba y Plena…,Zohran Mamdani
"Having a great time celebrating Sukkot here in Crown Heights! Wishing everyone a joyful holiday filled with laughter, community, and tradition. Chag Sameach!",Curtis Sliwa
"Today we launched South Asians for Cuomo — a powerful & diverse multi-denominational grassroots coalition of Hindus, Muslims & Sikhs — uniting South Asian New Yorkers behind our vision for a safer, fairer, more affordable city.

NYC’s greatest strength is its diversity — and",Andrew Cuomo
"Cuomo and Mamdani are two sides of the same disaster. Cuomo destroyed lives, lied to New Yorkers, and left our city less safe. Mamdani wants to finish the job. We’re not going back. Vote Curtis: ",Curtis Sliwa
Ok,Curtis Sliwa
"A dispatch from the Upper East Side.

Across the five boroughs, tens of thousands of volunteers are meeting their neighbors, building community, and winning this election, one door at a time.",Zohran Mamdani
"While campaigning today, I visited East Harlem city-funded injection site, that has plagued a neighborhood struggling for years. 

Many of the people who advocate for such a site, don't live in the neighborhoods that they're placed in. The drug users rob local businesses to feed",Curtis Sliwa
"We’re one week away from Election Day and early voting is already underway. 

Make sure to get out there and VOTE and share this with your Spanish-speaking friends to help them find where I am on the ballot.

#VoteforCuomo",Andrew Cuomo
"The Sliwa surge is real and the polls aren’t capturing the reality on the ground. 

New Yorkers stand firm: You don’t have to choose between the architect and the apprentice.

Vote for Curtis Sliwa to save our city!",Curtis Sliwa
"The children are our future. They deserve schools that work. NYC spends $41 billion a year, yet truancy is rising, mental health needs are growing, and most students aren’t reading or doing math at grade level. Teachers are spending their own money to fill the gaps. It’s time for",Curtis Sliwa
Smash that single day record.,Zohran Mamdani
"Honored to earn the endorsement of the , a leading voice for NYC’s Asian American communities across all 5 boroughs

We share the same priorities: safe streets, excellent schools, thriving small businesses, and dignity for our seniors.",Andrew Cuomo
"Follow Deafies for Zohran on IG: 

And sign up to canvass: ",Zohran Mamdani
"As I said tonight  , you need to respect all cultures in New York City.  Columbus is a symbol for pride for the Italian people that transcends the person. They have a word for this disgraceful disregard for their traditions. It’s disgraziata.”Take it down.""",Andrew Cuomo
Let’s get it done!,Curtis Sliwa
"I’ll help working people stay here. My housing plan will make NYC fair and affordable starting day one:

✅ Repeal the City of Yes and give zoning power back to local communities.

✅ Restore over 28,000 vacant rent-controlled apartments by cutting red tape.

✅ Incentivize",Curtis Sliwa
 x.com/zohrankmamdani…,Zohran Mamdani
"What a pleasure visiting the Tilden Senior Center! Each crowd is more energetic than the next, and you can feel it, the buzz in this city is high with hope that we can WIN this New York City!

Tomorrow is Election Day: #VoteforCuomo 🗽",Andrew Cuomo
"The scariest thing this Halloween… is that a vote for Sliwa is a vote for Mamdani

#VoteforCuomo",Andrew Cuomo
"Parts of Brooklyn, Queens + The Bronx are under a flash flood warning. Heavy rain and wind is creating dangerous conditions — please be careful as you move about the city.

Check  for updates (and sign up for alerts), and report outages or other conditions to .Flash Flood Warning continues for Brooklyn NY, Queens NY and  The Bronx NY until 5:30 PM EDT",Zohran Mamdani
"The other candidates play games. I’m in the streets and subways fixing the real issues.

I am the Public Safety candidate, and on November 4th, we will make NYC safe.",Curtis Sliwa
"Register to play as a neighborhood team or just come hang in the bleachers, watch the games, and enjoy a day of borough pride and community. 

The goal remains the same: a city we can afford. ",Zohran Mamdani
". wants to evict the Elizabeth Street Garden -- that is a mistake.

The Elizabeth Street Garden is one of NYC’s most cherished treasures, a green oasis in the middle of a concrete neighborhood that has brought joy, education, and community to residents, especially",Andrew Cuomo
"In so many ways, the vibrancy of our city can be judged by the health of our bodegas.

That’s why I’m so proud to be in the Bronx this morning to accept the endorsement of the United Bodegas of America.",Zohran Mamdani
It’s pronounced cyclist.,Zohran Mamdani
"Staten Island commuters are tired of delays, cancellations, and uncertainty. The SIM4C needs more trips, no more missed runs, and service Staten Islanders can actually rely on.

As Mayor, I will work with Congresswoman Nicole Malliotakis, State Senator Andrew Lanza, Assemblyman",Curtis Sliwa
,Zohran Mamdani
"You have precisely 24 HOURS LEFT to send in your most dazzling, preposterous, stately and/or transcendent I Registered to Vote for Zohran"" sticker designs to We want YOU to help us register thousands of New Yorkers to vote by redesigning the iconic I VOTED sticker.",Zohran Mamdani
Nope,Curtis Sliwa
"For those in NYC being pushed out by costs, living in fear, or struggling to make ends meet, I’m fighting for YOU. Cuomo failed, victimized us, and made our city unsafe. Mamdani would make it worse. Real leadership puts working people first. Let’s save our city for those who",Curtis Sliwa
Thank you  for your words and supportOur enemies have always tried to divide us. I ask our allies to please heed my father's warning.  Put aside blind party loyalty and protest votes. VOTE for @andrewcuomo.,Andrew Cuomo
"Honored to attend the annual Columbus Circle wreath laying ceremony with my wife Nancy. This tradition celebrates Christopher Columbus and Italian American heritage. Beautifully organized by the Columbus Citizens Foundation, the NYPD Columbia Association, and the National Council",Curtis Sliwa
"It's absurd that in a modern city, our buses crawl at less than 5 mph.

We'll make them fast and free.",Zohran Mamdani
"I’m joined by Team Sliwa at the San Gennaro Festival enjoying the people, the music, and the energy of Little Italy 🇮🇹! We come every year and love it. Get involved 👉 ",Curtis Sliwa
"I’m grateful for support from leaders across the political spectrum who share one goal: restoring unity and strength to New York City.

This campaign isn’t about left or right — it’s about what’s right for New Yorkers.

#VoteforCuomo #NYCStrong #UnitedForNYThanks @HikindDov and @InnaVernikov for bravely endorsing @andrewcuomo and fighting to save NYC.  @ChairmanEdCox and @NMalliotakis, if you can't do that, can you channel @AndrewYang and give NYC Rs your blessing to vote Ind. and beat Mamdani?  cc @megynkelly who got this right x.com/AndrewYang/sta…",Andrew Cuomo
#4 👍,Zohran Mamdani
?? What the hell is this? Zohran and Cuomo both support the Buffalo Bills? Real New Yorkers support the Jets or the Giants! I’ve been a Giants fan for years through the good times and the bad. I’m the only real New Yorker in this race. Who are these frauds?,Curtis Sliwa
"No better place to launch a final canvass before Election Day than back home in Astoria. 

I'm truly in awe at the determination and spirit of the tens of thousands of volunteers who have powered this campaign.

One final push tomorrow.",Zohran Mamdani
"I have a major campaign announcement, one that I believe will be of interest to all outlets- today, I’m proud to say to that I agree with Bill De Blasio. 

We agree that the do-nothing, no-show assemblyman ’s signature campaign promise…can’t actually be enacted.Can Mamdani demand the Rent Guidelines Board freeze the rent for four years? He's former mayor Bill de Blasio's opinion. https://
nyeditorialboard.substack.com/p/bill-de-blas
io-interview-transcript?utm_source=post-email-title&publication_id=3498939&post_id=174208616&utm_campaign=email-post-title&isFreemail=false&r=4q1xm&triedRedirect=true&utm_medium=email
…",Andrew Cuomo
"Staten Island’s Albanian Muslim community has always been a force for entrepreneurship and service. 

I’m grateful I got to meet with local leaders about how my administration plans to support small businesses and give every community a real seat at the table.",Zohran Mamdani
“What good is a free bus if it’s a slow bus?” Mr. Mamdani said. “That’s why we are also fighting to make these buses fast.”,Zohran Mamdani
"The Big Fall Canvass continues on this gorgeous Sunday across the five boroughs.

Every door you knock, every conversation you start, every palm card you hand to a neighbor gets us one step closer to winning a city we can afford.

See you out there.",Zohran Mamdani
(You can still register for the November election by October 25: ),Zohran Mamdani
".@andrewcuomo charges Mamdani stokes the flames of hatred against Jewish people.""",Curtis Sliwa
"Thank you The Jewish Post for the endorsement 🙏🏻

🗳️ Early voting is underway, have you voted yet?

Check the link in my bio to find your nearest polling site and make your voice heard.

#VoteforCuomo",Andrew Cuomo
"Trump called me a bad Democrat?
No I’m a good Democrat.
A proud Democrat. 

Because when I lead, I protect our values and our people.

ICE and the National Guard coming into New York City under my watch? Never.

It didn’t happen when I was Governor and it won’t happen when I’m",Andrew Cuomo
"Thank you NYC! We have momentum. Let’s win this!.@NYCMayor again denied matching funds by the @NYCCFB at their meeting this morning 

His competitors, on the other hand, cleaned up:

Cuomo got $490k
Mamdani got $1.92M
Sliwa got $1.4M
Walden got $35k",Curtis Sliwa
,Andrew Cuomo
"Tell me what candidate get it done… not just talk about it?

I will END this hate that is tearing this city apart. This is not who we are as New Yorkers.

#VoteforCuomo #SayNoToZo",Andrew Cuomo
"Thank you ! 

I’m grateful for the Governor's support in unifying our party, her resolve in standing up to Trump, and her focus on making New York affordable. I look forward to the great work we will accomplish together.

Our movement is only growing stronger.New York City deserves a mayor who will stand up to Donald Trump and make life more affordable for New Yorkers. 

That’s @ZohranKMamdani. https://
nytimes.com/2025/09/14/opi
nion/hochul-endorsement-mamdani.html
…",Zohran Mamdani
"Out in Manhattan with Team Sliwa, making sure everyone has a plan to vote on Election Day! We were lucky to meet a wonderfully talented supporter who truly warmed our hearts. I’m so honored to have your support 👏",Curtis Sliwa
New Yorkers wouldn’t hire  to work at their businesses…so what makes anyone think he’s qualified to run NYC?,Andrew Cuomo
"Cuomo will lose. We will win. Look how hard the elite is working to silence us. It’s despicable. 

He’s bought and paid for by the same elite political machine that caused the decline we see every day. New Yorkers do not vote for the past. We do not vote for the people who gave",Curtis Sliwa
"New York needs a mayor who will bring law and order, slash taxes, and keep taxpayers from fleeing. 

Let’s take back our city! 

",Curtis Sliwa
"Back at the Mount Loretto Staten Island Festival celebrating Italian culture and the pride of this community. Staten Island will no longer be ignored. As mayor I’ll make sure you get faster buses, reliable city services, cleaner streets, lower taxes, and real opportunities so",Curtis Sliwa
"All day, every day, everywhere.",Zohran Mamdani
We are out on Steinway Street in Zohran’s district and so many people are asking the same thing: where is Zohran? They never see him. He is an absentee assemblyman and he will be an absentee mayor. You deserve a mayor who shows up and fights for you every single day. It is time,Curtis Sliwa
"🐾 Pups for Sliwa! I’ll protect pets and all people. NYC animals deserve a safe, clean, and caring city — just like we do.

You can vote for me on the Republican or Protect Animals Independent Line! 🗳️

Make your plan to vote and let’s win this together!",Curtis Sliwa
Stay tuned #BachelorNation 🌹,Zohran Mamdani
"Grateful to have the endorsement of the United Clergy Coalition—representing more than 150 congregations across NYC

Faith leaders have always been at the heart of our city’s progress. Together, we’ll build a safer, fairer, and more hopeful New York for all.

#FightAndDeliver",Andrew Cuomo
"I was proud to stand with Senate Majority Leader  in front of Amsterdam Houses on the Upper West Side, where her story began. 

With the support of all three top leaders in Albany, there is so much we can achieve together.",Zohran Mamdani
"Question: If there was a ranked choice election, how would you vote?

Mamdani: Myself number one, Curtis number two

Sliwa: Please don’t be glazing me here Zohran. Are you kidding?",Curtis Sliwa
"From Bay Ridge to the Bronx, union members have been knocking on doors to spread the word about our campaign and its vision to make this city work for working people. I'm so grateful for their support.Bay Ridge stand up! NY’s unions are hitting the pavement to support Zohran Mamdani for NYC Mayor
Let’s go! #NYCLaborVotes #1u",Zohran Mamdani
"One guy I canvassed tonight was “just tuning in now” and hadn’t heard about Zohran. Another guy had just heard about Zohran last night when he “saw him on YouTube.” I know we all live and breathe this, but most people don’t, and that’s exactly why we all need to be canvassing",Zohran Mamdani
"Council Member  is a lifelong Democrat and one of the few common sense voices left in city government. He has seen the corruption, the scandals, and the rise of socialism up close, and he has had enough.

Bob said it best: New Yorkers deserve affordability, safety,",Curtis Sliwa
Enjoying the Yankee game with my wife Nancy ! Go Yankees!,Curtis Sliwa
I waited for it. Good answer,Curtis Sliwa
"Just like life, government is in the doing.  Let’s do better by New York City together! 

Make sure to early vote by Sunday, November 2nd, or make it to the polls on Tuesday, November 4th. Find me on the Fight and Deliver line, and find your poll site at .",Andrew Cuomo
"Congratulations and thank you to everyone who participated in Sunday's Inaugural Cost of Living Classic — co-hosted by  — and especially to our esteemed winners:

⚽️ Soccer Lovers of Bushwick (casual)
⚽️ Hellas-toria FC (competitive) 

What a day.",Zohran Mamdani
"I'm so grateful to , State Committeewoman Vic Lee, State Committeeman Wei-Li Tjong,  president  and members of  for joining me on yesterday's community walk of Manhattan's Chinatown.",Zohran Mamdani
"City Hall can help landlords deal with the rising cost of insurance, utilities and a broken property tax system.

But we will not pad their profits by crushing tenants in rent-stabilized homes. We will freeze the rent.",Zohran Mamdani
"Happy 94th birthday to my mom, New York’s forever First Lady, Matilda Cuomo.

She’s been the heart and soul of our family from day one: strong, loving, and always keeping us grounded. 

We love you, Mom. Happy birthday.",Andrew Cuomo
,Zohran Mamdani
Not going anywhere.,Curtis Sliwa
,Zohran Mamdani
"I've already said it. The others are responsible for this mess, and I’ll clean it up.",Curtis Sliwa
Sign up for a weekly canvass or phonebank.,Zohran Mamdani
"The heart of a rich and vibrant culture, Harlem never disappoints. It was great to be a part of the East Harlem Giglio festival.

Nothing but love for this city and all 350 of our neighborhoods!",Curtis Sliwa
"Today’s heavy rain is a reminder that New York must always be prepared for the unexpected.

From Hurricanes Sandy, Irene, and Lee to supporting Puerto Rico after devastating storms and earthquakes, Team Cuomo has led through some of the most severe weather emergencies in modern",Andrew Cuomo
Fr,Curtis Sliwa
"Many sex workers are abused and exploited, often in neighborhoods the city has neglected. Families should not have to worry about this on their streets and children should not be exposed to it. I will end this. I will go after the people who are fueling it and protect theToday on GDNY . @rosannascotto asked NYC mayoral candidate Zohran Mamdani if he was pro decriminalizing prostitution.

After a word salad and Rosanna holding firm , Zohran admits he's in support of decriminalizing prostitution throughout NYC.",Curtis Sliwa
"My sincere thanks to Rabbi Shalom Landau for inviting me into his beautiful Sukkah in Williamsburg yesterday, and to Rabbi Moshe Indig for arranging such a joyous event with Comptroller Lander, DA Eric Gonzalez, community leaders and friends.",Zohran Mamdani
"Happy Birthday to a proud son of Brooklyn and the man who inspired so many of us, .",Zohran Mamdani
I’ll hit ya up,Curtis Sliwa
"While out in Far Rockaway, I walked over to Rockaway Beach — not a lifeguard in sight. This is a crisis the city has ignored for far too long. 

So I did my civic duty, dusted off my old lifeguard skills, and kept watch while New Yorkers enjoyed the beach.",Curtis Sliwa
"Disturbing news out of Utah Valley University. 

While details and motivations are still unknown, my prayers are with Charlie Kirk, the students, and all impacted. 

Political violence is becoming too common, and too often celebrated. It must be universally condemned by everyone,",Andrew Cuomo
" +  collab in Washington Heights this past weekendThe Uptown crew of CWA + @nynurses knocking on doors this morning in Washington Heights, NYC for @ZohranKMamdani for NYC Mayor!",Zohran Mamdani
"Vote Now: 

Canvass + Phonebank:",Zohran Mamdani
,Zohran Mamdani
"🚨 Check out our first TV ad! Nancy knows what’s at stake, like all New Yorkers do. 

Women have been ignored for far too long.

I’m in it to win it and together we will save this city.

",Curtis Sliwa
"My father was a Merchant Marine, and my family knew full well how important it was to have strong and reliable medical coverage. 

That’s why I stand shoulder to shoulder with our NYC retirees, and with the NYC Organization of Public Service Retirees, and I pledge to have their",Curtis Sliwa
"The ‘City of Yes’ is a City of Insanity. 

They want to drop Chernobyl-style lithium ion battery plants in the middle of our neighborhoods. These ticking time bombs don’t belong anywhere near families, schools or homes. 

I’m the ONLY candidate for mayor standing up against this",Curtis Sliwa
,Zohran Mamdani
"Honored to have the support — let’s get out the vote, NYC!

Polls are open until 5pm - make your voice heard!",Andrew Cuomo
"It was lovely to visit the Marble Hill Community Center in the Bronx today with my friend , and meet the wonderful seniors and staff who make it such a special place.",Zohran Mamdani
And the halfway through the marathon of door knocking.,Zohran Mamdani
,Andrew Cuomo
"It’s a truly vibrant community center that offers so much to elders and their families. 

Grateful to be joined by ,  and .",Zohran Mamdani
"Courage is resistance to fear."" - """,Zohran Mamdani
"What used to be a place of joy or simple routine check-ins has become a horror house of fear and separation under this federal government.

As someone who would be the first immigrant Mayor in generations, I refuse to stand for it.",Zohran Mamdani
"🤷‍♂️Curtis is just, like, running a normal campaign. x.com/CurtisSliwa/st…",Curtis Sliwa
"Thanks  for hosting me at your summer soirée in Rosedale. As Mayor, I’ll protect families in Southeast Queens from displacement and fight for a safe, affordable city. You deserve a leader who will improve your quality of life—join us today: ",Curtis Sliwa
I agree,Curtis Sliwa
Read more about the Department of Community Safety.,Zohran Mamdani
"Fake, stop electioneering or you will be held liable. Stop silencing us! This race is not over 💪",Curtis Sliwa
Sign up to bring it home.,Zohran Mamdani
"24 years ago, New York faced its darkest day. 

We lost thousands of innocent lives, and the heroes who ran toward danger to save others, knowing they would likely not return. 

We remember them, we honor them, and we continue to stand with the survivors, families & first",Andrew Cuomo
"Rikers as it is today is a human-rights failure. And denial is not a life strategy

My plan: phase in modern facilities on Rikers, while turning the 4 borough jail sites into affordable housing & mixed-use developments

Read my plan in  here:",Andrew Cuomo
"Back at it in Whitestone mobilizing supporters with early voting starting in SIX days! 

I’m not backing down on those who deserve better. No one is pushing us out of this race. 

If you cut my veins I bleed New York, and I’ll never give up on this city. 

We’re in it to win!",Curtis Sliwa
"A few days after the presidential election one year ago, we went to Fordham Road in the Bronx.

It was a little different last week.",Zohran Mamdani
"Congratulations to Time Television and Bangla Patrika, who jointly celebrated their anniversaries in Astoria last night. I'm so grateful for their work to elevate the experiences of Bangladeshi New Yorkers in a media landscape where they’re too often ignored.",Zohran Mamdani
"From Park Hill to the Wu-Wall, the creativity and resilience of Shaolin Island built a movement that changed culture. I felt that same spirit today with local artists, faith leaders, Liberian entrepreneurs, and the legendary Chef Shaw-Nae Dixon + Mitchell “Divine” Diggs.",Zohran Mamdani
One year ago tonight.,Zohran Mamdani
"Back where I belong, in the subways with the people. 

Let’s save our city!

",Curtis Sliwa
"This afternoon, I sat with Palestinian New Yorkers in Astoria and listened to what they and their families have endured as the genocide in Gaza continues, funded by our government. 

In the face of immeasurable grief, they have showed unbreakable resilience.",Zohran Mamdani
My name is Zehran Mamdani and I'm nominating myself to be the new mayor of New York City.,Zohran Mamdani
An honor to attend Jummah prayers today at Dar Al-Taqwa Islamic Center in Flushing.,Zohran Mamdani
,Curtis Sliwa
👍,Curtis Sliwa
"I'm so grateful to , State Committeewoman Vic Lee, State Committeeman Wei-Li Tjong,  president  and members of @CAAVVoice for joining me on yesterday's community walk of Manhattan's Chinatown.",Zohran Mamdani
Shared a meal with  at Hyderabadi Zaiqa last night.,Zohran Mamdani
"Cornerstone?  I don’t know what he thinks he’s building, but it’s going to crumble since he wants to defund the police, dismantle the Strategic Response Group, & send civilians to respond to domestic violence calls“Public safety will be the cornerstone of delivering our affordability agenda,” @ZohranKMamdani says on MSNBC.",Andrew Cuomo
"Jamaica isn’t just an island it’s home to thousands of New Yorkers with deep roots and family ties. Our hearts and prayers are with the people of Jamaica today as they brace for Hurricane Melissa

From Queens to Kingston, our communities are connected by culture, faith, and",Andrew Cuomo
,Zohran Mamdani
,Curtis Sliwa
"Cuomo made our city unsafe, victimized New Yorkers, and resigned in disgrace. He’s dangerous. Mamdani is proudly anti-police, during a public safety crisis. Your vote matters more than ever. I’m the only candidate who will make this city safe, and I have a real plan to do it:",Curtis Sliwa
"If you want a Mayor who tells you everything that he can't do, Andrew Cuomo should be your choice.

But if you want a Mayor who will use every tool at their disposal to lower the cost of living, I am the candidate for you.",Zohran Mamdani
It's bing bong season.,Zohran Mamdani
"Young people come to New York to study, move here, and build a life here. But when they get a job in NYC, they see nearly 4% of their income taken away, not including NYS income tax, all while paying student loans, sharing apartments, and spending a lot to enjoy the city. We want",Curtis Sliwa
,Zohran Mamdani
"Saul Zabar was a true New York original. For generations, Zabar’s has been a piece of the Upper West Side and a part of New York’s soul. Nancy and I live nearby and know what it means to this community. 

Our condolences to his family and all who loved him.Saul Zabar, longtime face of iconic Upper West Side grocery store, dies at 97 https://
abc7ny.com/post/saul-zaba
r-longtime-face-iconic-upper-west-side-grocery-store-zabars-dies-97-nyc/17958410/?ex_cid=TA_WABC_TW&taid=68e56599f06f840001b49493&utm_campaign=trueAnthem%3A+New+Content+%28Feed%29&utm_medium=trueAnthem&utm_source=twitter
…",Curtis Sliwa
Who wears it better?,Curtis Sliwa
Good to be out in Far Rockaway today!,Curtis Sliwa
"Overcrowded cells. Unsanitary conditions. Limited access to food and water.

These are the inhumane conditions that ICE has created at 26 Federal Plaza, which eleven of my elected colleagues sought to inspect today. 

Instead, they were arrested. They must be released right now.BREAKING: Eleven NY city and state elected officials were just arrested by Department of Homeland Security officers.

That's after they demanded to inspect ICE holding rooms at 26 Federal Plaza and refused to leave until they were granted entry.",Zohran Mamdani
"When Tish James walks into a courthouse tomorrow — the target of a political prosecution demanded by a President obsessed with revenge — she does not walk in alone.

New York has her back.

Grateful to Gov.  for bringing us together tonight.",Zohran Mamdani
"Today, there is reason for hope. After two long and brutally painful years since the terror attack of October 7, we may finally be nearing a turning point toward peace and change in the Middle East. 

My prayers are with every family that has suffered through this humanitarian",Andrew Cuomo
Thank you from the bottom of my heart,Andrew Cuomo
From what?,Curtis Sliwa
"Trump can't deliver the lower costs he promised. All he has is cruelty and revenge.

Cuomo is unable to confront him because they share the same billionaire donors. Just look at his statement last night.

I will stand up for this city and with our Attorney General.",Zohran Mamdani
🎶“I’m Just A Shill” (FT. Zohran),Andrew Cuomo
5 weeks until Election Day - join the team and let’s build a new NYC together 💪,Andrew Cuomo
"We can't stop now. 

Sign up for six more shifts over the next six weeks to get us over the finish line.",Zohran Mamdani
"Nope, you’re ignoring the reality in NYC- NYPD are the best of the best in law enforcement. They save lives, but are disgraced time and time again. Cuomo started it, Mamdani will be worse. My two despicable opponents on the stage are responsible for defunding them, and removed",Curtis Sliwa
"Shanah Tovah to all celebrating Rosh Hashanah.

The Jewish New Year is a time of reflection, renewal, and hope. As families gather to share traditions, we are reminded of the importance of community, faith, and resilience.

Shanah Tovah - means the next year should be a good",Andrew Cuomo
Ok,Curtis Sliwa
"Will the real  please stand up?

With just over 7 weeks to go until election day, Zohran Mamdani has embarked on his flip-flopping apology tour, saying anything to get elected. New Yorkers have absolutely no idea who he is or what he stands for, unless it’s on hisNEWS: Zohran Mamdani said on Thursday that he intended to apologize for comments he made in 2020 calling the New York Police Department “racist, anti-queer & a major threat to public safety.”

@NYTimesCramer 
https://
nytimes.com/2025/09/11/nyr
egion/mamdani-police-apology-floyd.html
…",Andrew Cuomo
Cuomo. Lost. To Mamdani. Despite spending millions more. Repeat after me.,Curtis Sliwa
"THANK YOU NYC 🙏🔥 We are powered by people not the political elite. While my opponents rely on insiders and special interests, our movement is fueled by YOU, the hardworking New Yorkers who keep this city alive 💪 We have the most donors who actually live in NYC, more than any",Curtis Sliwa
But only if you canvass.,Zohran Mamdani
,Curtis Sliwa
"Not sure you have the relationships in the community you think you do, .  Those who find out about you, want nothing to do with you.I am ready to be that “Southeast Asian” who beats Cuomo (again) x.com/JCColtin/statu…",Andrew Cuomo
,Curtis Sliwa
"Praying for the  detective shot today while protecting New Yorkers. 

We’ll always have the backs of our cops and wish him a full and speedy recovery.BREAKING: New York City police officer was reportedly shot in Queens on Friday morning, according to law enforcement sources. The incident was reported around 9 a.m. near 22nd Road and the Whitestone Expressway. The officer sustained gunshot wounds to the arm and leg, though",Curtis Sliwa
Another big endorsement for @andrewcuomo.  And it only cost $959 million in tax breaks.,Zohran Mamdani
Jackson Heights,Zohran Mamdani
"Started SOMOS Day 2 congratulating El San Juan Local 610 workers on winning their fair contract — proud to stand with  in the fights at home and across the country. Then, breakfast with Latino nonprofit, small business leaders, and electeds including  and",Zohran Mamdani
"The volunteers and I are ready to march in the West Indian Day Parade. 

Proud to celebrate Caribbean culture and stand with our community.",Curtis Sliwa
"New York, the vibes are high today here in Harlem with the Cuomobile, making sure everyone gets out and votes!

#VoteforCuomo",Andrew Cuomo
Propaganda.,Curtis Sliwa
"I visited the Ohel of the Lubavitcher Rebbe, Rabbi Menachem Mendel Schneerson, this morning in honor of the New Year. I have fond memories of the Rebbe. 

He once told my father, “Double the effort, double the blessing.” 

This year, I plan to do just that.

L’Shana Tova",Andrew Cuomo
Team Sliwa never stops. We’re here in Greenwich Village greeting New Yorkers at the annual Village Halloween Parade! We are here every year! Halloween is my wife Nancy’s favorite holiday! Have fun and stay safe — but make sure you VOTE EARLY this weekend. New York’s future is on,Curtis Sliwa
"NYC is too expensive to live in while city agencies fail to do their jobs. Trash piles up, potholes sit for months, and response times are unacceptable. As Mayor, I’ll make DSNY, DOT, and Parks effective for working people by keeping neighborhoods clean and livable. My plan:",Curtis Sliwa
Astoria with !,Zohran Mamdani
"Five days ago, an ICE agent shoved a woman asking questions about the detention of her husband. 

Today they attacked journalists from  and .

We cannot accept or normalize what has now become routine violence at 26 Federal Plaza. It has no place in our city.",Zohran Mamdani
"Let’s get back to the basics.

I have your back, New York.

Always have. Always will. #nycdebate",Curtis Sliwa
"One term mayor Eric Adams, the snake and liar’s lap dog, suddenly found his voice. Cute.

If he wasn’t a failed, scandal ridden mayor we wouldn’t even have Mamdani in this race. Now his handlers have him shilling for Cuomo to boost Mamdani. Pathetic.

When Cuomo loses, maybe Eric",Curtis Sliwa
Confident but never complacent:,Zohran Mamdani
You’re a bot bye,Curtis Sliwa
Bushwick,Zohran Mamdani
No longer should we think about our political process as settling for the lesser of two evils. We can demand a greater good. ,Zohran Mamdani
I’m fighting for Eric Adams’ voters. Andrew Cuomo is fighting for his donors.,Zohran Mamdani
"Just disgusting.Cuomo, talking to conservative radio host Sid Rosenberg this morning:

God forbid",Zohran Mamdani
"Today I stood with Councilman , author of Priscilla’s Law, and with the family of Theresa Valenti of Maspeth at Flushing Avenue, where she was struck and killed by a speeding e-bike after stepping off a bus. 

New Yorkers deserve safe sidewalks and bus stops. 

We",Curtis Sliwa
"New Yorkers know Attorney General James for who she is: a champion for justice who fights relentlessly for the people. Donald Trump knows her only as an obstacle to his corruption.

No one should be surprised that Donald Trump is employing fascist tactics—prosecuting hisThis is nothing more than a continuation of the president’s desperate weaponization of our justice system.

I am not fearful — I am fearless. 

We will fight these baseless charges aggressively, and my office will continue to fiercely protect New Yorkers and their rights.",Zohran Mamdani
Good idea,Curtis Sliwa
"Great afternoon serving as Grand Marshal of the Korean Day Parade, a celebration of culture, pride, & community that is part of the very fabric of New York.

The Korean American community has always embodied the values of hard work, family, and service that strengthen our city.",Andrew Cuomo
"The biggest sporting event in the world is happening in our backyard. But most New Yorkers will be priced out of watching it live.

Sign our petition calling on  to put game over greed.",Zohran Mamdani
A vote for Cuomo is a vote for Mamdani. New York Democrat voters rejected him. 70% did not even rank him. He would not reform the city like we would starting Day 1. He would lose every primary going forward in NYC as he’s hated for what he did to public safety in NYC. Democrats,Curtis Sliwa
"This Labor Day we honor all who work hard to keep NYC alive, from blue collar to white collar, first responders and working-class families. 

Under a Sliwa administration we’ll slash taxes, improve quality of life, make our city affordable and keep our streets, parks and subways",Curtis Sliwa
"It would cost roughly $700 million to make the nation's slowest buses fast and free.

And it would generate more than double that in economic benefits for our city.",Zohran Mamdani
"The video:Still haven’t registered to vote? 

Do it right now!",Zohran Mamdani
👏Let’s win this,Curtis Sliwa
"Thank you Flushing🫶👏! Your energy and support mean everything. 

I will always have your back and fight for safer streets, affordable living, and a city that works for you.

Early voting is open and I need your vote now more than ever. Let’s win this together.

Find your poll",Curtis Sliwa
"In the late 1990s, 125th Street & Lexington Avenue saw historic economic growth and investment.

Just 25 years later, failed city and state leadership has all but fully reversed that progress.

It’s time to get back on track.

",Curtis Sliwa
Never have. Never will.THANK YOU for never giving up on NY!!,Curtis Sliwa
"Every New Yorker deserves to feel safe on the subway and on the streets. My plan puts more officers in the stations, cracks down on crime, and protects commuters day and night. Read more: ",Curtis Sliwa
"I’m in this race to win it. 

I love New York City too much to walk away, and I’ll never abandon it. Thank you to New Yorkers for the outpouring of support. 

The momentum is on our side and together we’re going to take this city back.GOP nominee Curtis Sliwa won’t bow to pressure to drop out of NYC mayoral race as he rakes in $3.4M in campaign funds https://
trib.al/Hd5uk3R",Curtis Sliwa
"I am deeply grateful to  for his support & for his decision to put the future of NY ahead of personal ambition. Jim's endorsement is a testament to the urgency of this election & the need for experienced leadership to keep NY safe, affordable & strong.My endorsement of @andrewcuomo below. He is the best candidate. And he is the only one who can beat @ZohranKMamdani.  He is the man for the moment. Please put your disagreements with him aside. I have mine too. In fairness, he did many great things as Governor and Attorney x.com/bern_hogan/sta…",Andrew Cuomo
"5 boroughs in 12 hours, the momentum for our campaign is exploding! We will not let you down. As Mayor, I will deliver safety, affordability and quality of life to the hard working people of our city. Never forget, you power this city, you deserve better. Thank you for fighting",Curtis Sliwa
"This morning I had the honor of joining Pastor Thornton and the Salem Missionary Baptist Church family in Brooklyn.

We talked about the challenges facing our city—violence, affordability, and the threats coming out of Washington—but also about the strength and resilience that",Andrew Cuomo
Today I took questions from more than a dozen South Asian news outlets and spoke about our agenda to make this city affordable for each and every New Yorker.,Zohran Mamdani
"What she said 👇We need 90,000 volunteers by Election Day. Can we count on you? Visit http://
zohranfornyc.com/events to find a canvass near you – or if you’re not in NYC, tag someone who is in the replies below!",Zohran Mamdani
"Thank you to  for your endorsement! Today we visited the RAIN Parkchester and Boston Road senior centers alongside . United we can win!

#VoteforCuomo",Andrew Cuomo
"I never stood with Bibi.""On Monday",Zohran Mamdani
"The last time I sat down with Bill Ritter on  was the day after the primary. Since then, our coalition has only grown — including in some unexpected ways.",Zohran Mamdani
"🚨 Proud to announce our Bronx Satellite HQ is OPEN 🚨 We now have campaign homes in all 5 boroughs 🗽 Staten Island, Brownsville, Dyker Heights, Midtown, Howard Beach, Flushing and now the Bronx. This is how we win 💪 Join us today 👉 ",Curtis Sliwa
Your bio is very concerning,Curtis Sliwa
The rain is also impacting some subway and bus service. Check the  app or visit their website before you travel.,Zohran Mamdani
Be a part of it.,Zohran Mamdani
"Sickening behavior by this agent. The fact that Mayor Adams has rolled out the red carpet for ICE is a stain on our city.I was back at 26 Federal Plaza today (w/ @NYSenatorRivera), where an ICE agent violently threw this bereft woman to the ground in front of her kids. She had not touched him. She did not pose any threat. She had to be taken to the hospital. x.com/elaadeliahu/st…",Zohran Mamdani
‼️Make your plan to VOTE! Need assistance? Click this link: ,Curtis Sliwa
"So grateful to have my daughters Michaela, Mariah, and my son-in-law Tellef on the road with me today. 

Their passion for making New York better is clear everywhere we go, and because of them, we will win this race! 

Voting polls close at 9 PM EST, make sure you get your vote",Andrew Cuomo
"Mamdani offers something we haven’t seen in a long time: a vision for public safety rooted in common sense and dignity for all.""""",Zohran Mamdani
Fr,Curtis Sliwa
"It was lovely to meet with Hindu leaders from across NYC yesterday for a wide ranging discussion about building a safer, more inclusive city.",Zohran Mamdani
,Zohran Mamdani
"New Yorkers deserve change they can measure in their own lives.

Our new Affordability Calculator shows exactly how much our plans would save your family on childcare, rent, and bus fare.

Check your savings → ",Zohran Mamdani
"On October 3, I’m asking you to register to vote.",Zohran Mamdani
"I was honored to receive the endorsement of Rabbi Moshe Indig and Ahronim leaders in Williamsburg today, where we were joined by my friend . 

Together, we will fight the scourge of antisemitism and build a city that works for every New Yorker.",Zohran Mamdani
"Join Team Cuomo and help get out the vote — the future of the city depends on it:

Today we talked to NYC voters why @andrewcuomo is, BY FAR, the best choice for Mayor! So much energy for Cuomo on the streets, early voting starts October 25th!",Andrew Cuomo
"Over the past eleven months, we have built something extraordinary together.

Six weeks left.",Zohran Mamdani
"🚨 ELECTION ALERT! When you vote for Curtis Sliwa:

✅ Vote for Sliwa on ONE line: Republican or Protect Animals line. 

✅Bubble your vote in fully

✅ Flip your ballot and VOTE NO to stop developer control

Make your plan 🗳️ ",Curtis Sliwa
,Zohran Mamdani
"This morning I met with industry leaders from across NYC to discuss how we can attract the businesses of tomorrow and grow our economy.

New York has always been a city of innovation and opportunity, and with the right leadership, we can make it stronger than ever. That means",Andrew Cuomo
Check it out! Thanks.,Curtis Sliwa
"It was an honor to join 's Accountability Assembly in Queens yesterday, and to stand in solidarity and partnership with so many leaders as we push the city we love forward with our dignity and affordability agenda.",Zohran Mamdani
"Tonight, in the final debate of his decades in power or desperately pursuing it, you will hear from Andrew Cuomo the same arrogance, the same entitlement, the same excuses for a broken status quo he's long maintained.

New Yorkers are ready for change.",Zohran Mamdani
"On this beautiful morning in Astoria, I cast my ballot for our city and our future. 

I hope you will too.",Zohran Mamdani
And the reporting from .,Zohran Mamdani
"“New York City Republican mayoral candidate Curtis Sliwa got a warm welcome during a late-night visit to the Crown Heights neighborhood, visiting sukkahs and dancing on the street.”",Curtis Sliwa
"The homelessness crisis among the youngest New Yorkers is a moral stain on our city, the wealthiest in the world.

When I’m Mayor, we will not ignore it any longer.",Zohran Mamdani
"The most important decision we made on this campaign was to listen to New Yorkers. And they told us again and again that the greatest challenge they face is the cost of living.

More from Wednesday’s interview on .",Zohran Mamdani
"If you loved this ad, sign up for our Survivor phonebank **tonight at 6 PM** hosted by the contestants! 

Signup here ⬇️ ",Zohran Mamdani
Aunties on the move from Midwood to Brighton Beach today,Zohran Mamdani
"My heart is broken for Jamari Henri, a 24-year-old Wakefield resident who was shot and killed outside a deli last night.

Too many New Yorkers are losing their lives or suffering terrible injuries from gun violence. Even as we continue to demand national action on gun control,1 killed, 4 injured in Bronx drive-by shooting outside smoke shop, NYPD says 

https://
gothamist.com/news/1-killed-
4-injured-in-bronx-drive-by-shooting-outside-smoke-shop-nypd-says
…",Zohran Mamdani
"Tonight I was honored to spend time with the congregants of Masjid Ansarudeen Islamic Center in the Bronx.  

As Sheik Ibrahim Niass shared:
“We thank former Governor Cuomo for visiting the Masjid Ansarudeen Islamic Center today and engaging in an important dialogue with our",Andrew Cuomo
One last push.,Zohran Mamdani
"What’s her name?In a democracy, the rule of law must be sacred - impartial, objective, and above politics. When the law is weaponized or manipulated to advance political agendas, it erodes public trust and weakens the very foundation of justice. Whether it comes from the right or the left, from",Zohran Mamdani
Young voters share why they’re Team Cuomo #VoteforCuomo,Andrew Cuomo
Won’t have to miss me. I’ll be the next mayor…,Curtis Sliwa
"As we approach Rosh Hashanah, I was honored to join the congregants of Mikdash Eliyahu Synagogue today in Brooklyn. 

The High Holidays remind us of renewal, reflection, and community—values that must guide us in building a stronger New York for all. 

Shana Tova.",Andrew Cuomo
"LET’S TALK THE FUTURE OF NYC. Thank you  for having me in conversation this coming Monday, October 20.

Grab your ticket at ",Andrew Cuomo
"This is Jimmy from Astoria. 

Decades ago, as a transit police officer, he arrested me. Back then, city leadership wanted nothing to do with the Guardian Angels.

The other day, Jimmy told me that he will be voting for me on November 4th to be the next mayor of our great city.",Curtis Sliwa
"I’m proud to announce we just opened our Brooklyn campaign office on Flatbush Avenue. I was honored to be joined by Assemblywoman Jamie Williams, who endorsed me and represents the 59th Assembly District.

The community came out with incredible excitement, picking up posters,",Curtis Sliwa
"Live at the Garden with @THEKIDMERO

#NewYorkForever",Zohran Mamdani
"My heart breaks for the families and loved ones of the two teenage girls who tragically lost their lives last night atop the J train.

This tragic incident is a stark reminder of the dangers of subway surfing, which continues to take the lives of too many young New Yorkers everyBreaking News: Two teenage girls, believed to have been subway surfing, were found dead on top of a J train in Brooklyn, officials said. https://
nyti.ms/3KyDv5g",Zohran Mamdani
,Andrew Cuomo
"Live at the Garden with 

#NewYorkForever",Zohran Mamdani
"The gap is closing fast -- we can feel it on the ground everywhere from the Bronx to Staten Island.  

At this rate, we win the race.  

Keep going strong 💪#ReadyOnDay1Atlas Poll

2025 New York City Mayoral Election

In the race for NYC mayor, Zohran Mamdani (D) leads Andrew Cuomo (I) by 6.6pp and Curtis Sliwa (R ) by 16.5pp.",Andrew Cuomo
"Free buses are nothing more than a gimmick. Mamdani can’t pay for it, and half the riders already don’t pay their fares. 

There are real programs like Fair Fares to help those in need, but the city fails to promote them. 

Instead of political stunts, we should crack down onHAPPENING NOW:
@ZohranKMamdani arrives having rode the length of the M57 bus route to highlight his pledge of fast and free buses""""",Curtis Sliwa
"Two years ago today, the world watched in horror as Hamas terrorists murdered, raped and kidnapped innocent men, women & children.

Today on October 7th I am remembering the hostages and all who were brutally taken from us at the hands of Hamas.

To the Jewish people- I stand",Andrew Cuomo
The San Gennaro Festival is the heart of Little Italy and I love being here every year. Get involved ,Curtis Sliwa
"Zohran Mamdani is all about fantasy, not reality.",Curtis Sliwa
"Children and families deserve better than mediocrity and inertia. They need government that works.

My platform, Curing Procurement, will do just that, delivering excellence for city workers, taxpayers, and students.",Zohran Mamdani
"UNTIL IT'S DONE, Ep. 2

When the Brownsville Clinic opened in 1916, it was the first birth control center in America. Its very existence felt impossible. For young women, it was a lifeline.

109 years later, the Clinic is long closed—but Brownsville mothers are still struggling.",Zohran Mamdani
This is the fight of our lifetimes NYC. It’s us vs. them. Working people vs the political elite who brought us socialism and chaos. Cuomo and Mamdani don’t care if you’re one paycheck away from being pushed out or if your neighborhood has become unsafe and dirty after years of,Curtis Sliwa
"“On November 4th , we can build a city where every child can afford to stay, where every worker can thrive, and where government serves the people — not the powerful.” - ",Zohran Mamdani
Flatbush,Zohran Mamdani
"Looking forward to joining  this afternoon to talk about what’s at stake in the upcoming NYC mayoral election 

Join usI'm interviewing @andrewcuomo today in his first national interview since Eric Adams dropped out of the NYC mayoral race. 

Watch @NBCNewsNow at 4pm ET. #MTPNOW",Andrew Cuomo
"I started today at the Panamanian Day Parade Breakfast in Brooklyn.

Panama is El Puente Del Mundo—the bridge of the world—and I know how Panamanians have had to fight for every bit of freedom. 

When I'm Mayor, Little Panama will finally get the recognition it deserves.",Zohran Mamdani
👍,Curtis Sliwa
"de Blasio nearly destroyed NYC and defunded law enforcement, and even disbanded NYPD Homeless Outreach Unit. His endorsement of Mamdani is a warning. Mamdani is de Blasio 2.0, but far more dangerous. We have to stop him. Join us: ",Curtis Sliwa
Prolly. Yea,Curtis Sliwa
Maybe 🤔,Curtis Sliwa
"Another day, another violent crime in the NYC subway. Today, while at the 34th Street station, the C train was stopped due to a male being assaulted by an unstable individual. This is why we need police walking trains in motion, to respond to incidents before the train gets to",Curtis Sliwa
"Last week when the candidates were being silly, I was up in the Bronx where the blood was flowing talking about how we needed more cops to stem the flow of blood from gang violence. Finally the Mayor has responded talking about hosting a gang summit at Gracie Mansion to stop the",Curtis Sliwa
Great morning talking to voters on 79th and Broadway about my plans to make NYC safer and more affordable for all,Andrew Cuomo
,Curtis Sliwa
"He stood for NYC when no one else would. 

Now he’ll lead the city as its Mayor. 

",Curtis Sliwa
,Zohran Mamdani
,Zohran Mamdani
"Staten Island, the Bronx, and now Queens. I’m out meeting New Yorkers and earning your vote. 

I’ll be the People’s Mayor!",Curtis Sliwa
"How many votes should you bring from your household? 

6–7. 

2 hours left: Now get out there and vote!",Curtis Sliwa
"Earlier today, I had the honor of meeting with members of the Al-Falah Mosque in Harlem to talk about public safety, affordability, inclusivity, and my decades-long commitment to standing against Islamophobia and for all New Yorkers.

Afterwards, Imam Aboubacar Camara shared",Andrew Cuomo
Good question,Curtis Sliwa
"The rain couldn’t wash away the joy and community at today’s  picnic in Prospect Park, celebrating 25 years of empowering working class South Asian and Indo-Caribbean New Yorkers.",Zohran Mamdani
 answer the question!,Andrew Cuomo
"Leadership is not about clinging to the old playbook. It’s about recognizing when the playbook needs to change.""",Zohran Mamdani
"Ah yes vote for Adams who gave us “City of Yes” which is causing displacement of the middle class, and tells people suffering from hate crimes that “crime is a perception.” Or vote for Cuomo who gave us “No Cash Bail,” “Raise the Age,” and demanded to close jails and Rikers… if",Curtis Sliwa
"If you think the problem in this city is that my rent is too low, vote for Andrew Cuomo.

If you know the problem in this city is that your rent is too high, vote for me.",Zohran Mamdani
"I almost lost my oldest son, due to gang violence. And there was no accountability due to Raise the Age, which Cuomo pushed through.

Cuomo is the architect, and Mamdani is the apprentice.

We need real change.CURTIS SLIWA: ‘I Almost Lost My Oldest Son to Gang Violence’ and the ‘Perpetrators Went to Family Court’

“The architect of Raise the Age, Gov. Cuomo—the apprentice to him, Zohran. It’s personal for me. My oldest son, Anthony, last October was the victim of a vicious gang assault",Curtis Sliwa
"Your vote matters more than ever! Let’s be clear: a vote for Cuomo is a vote for Mamdani. They are equally ignorant. They are equally dangerous.

Cuomo is the architect of destroying NYC. His “No Cash Bail” laws cause violence against New Yorkers every day. He put people and our",Curtis Sliwa
"I am the only candidate who can defeat Mamdani. Our team, our resources, and our supporters are unmatched. Most importantly, we have the best solutions to help working people afford to stay in New York City and feel safe. 🚨 @ericadamsfornyc Drops Out of Race for Mayor, Refuses to Endorse Other Candidates https://
thecity.nyc/2025/09/28/eri
c-adams-drops-out-mayors-race/
… via @THECITYNY",Curtis Sliwa
https://pbs.twimg.com/ext_tw_video_thumb/1983248650361782272/pu/img/T6lu_qpI6lj4QslZ.jpg,Andrew Cuomo
"There’s power in unity — and in a union.

A morning of solidarity and celebration at the NYC Labor Day Parade. #UnionStrong",Zohran Mamdani
"Honored to receive the endorsement of , representing more than 120K working men & women across NYC

Thomas Gesualdi, President of Teamsters Joint Council 16, said, 

“Andrew Cuomo has proven time and again that he’s the fighter working people can count on. He built",Andrew Cuomo
"It’s not just who’s on the ballot, but what’s on the ballot. 

The broken politics of the past or a future we can afford. 

It’s debate time. Let’s go.",Zohran Mamdani
Thanks Tzippy!,Curtis Sliwa
Join us.,Zohran Mamdani
"Cuomo targeted Jewish communities during COVID and his deadly executive order led to the deaths of 15,000 seniors. He lied to cover it up. These are the actions of a dangerous man who should never hold office again. Anyone backing Cuomo is complicit. Curtis stands against hate.@NYGovCuomo blames large gatherings in the Hasidic community for spread of COVID-19 — highlights selichot in Satmar-Kiryas Joel and event in Chabad-Crown Heights as examples of social distancing violations",Curtis Sliwa
"We need real enforcement — and a plan.

Ours begins with bringing down the sheds that have been up on hundreds of City properties for more than 3 years. 

And we'll prioritize investments in preventative maintenance to reduce the need for scaffolding in the first place.",Zohran Mamdani
🤝,Curtis Sliwa
"Today I stood with Hollis residents to protest a dangerous lithium ion battery plant being forced into their neighborhood. Seventy sites are being built in the outer boroughs, while only Manhattan is spared. That’s unjust. As Mayor, I will give communities their rights back and",Curtis Sliwa
Stopped by our Bronx headquarters to greet trick-or-treaters. Thank you for coming by — happy Halloween and stay safe out there tonight! 🎃,Curtis Sliwa
"At McCaffrey Playground in Hell's Kitchen this evening launching a *huge* GOTV canvass alongside , , Dem State Committee Member Marti Gould Cummings and District Leader Paul Devlin.",Zohran Mamdani
"This is just absurd and dangerous to say. We also have a down ballot that needs to win, so breaking up our vote is even more detrimental to City Council. Do we forget that 70% of Democrats didn’t even rank Cuomo..? How many more millions are going to be wasted promoting someone",Curtis Sliwa
"The subway is the lifeblood of New York. 

Let’s make it safe. Let’s make it clean and reliable. And let’s make it affordable for those who need it. 

Let’s build a new New York City.  We can do it. Together.",Zohran Mamdani
"Full speed ahead.

.@nycmayor has been denied matching funds again, as @ZohranKMamdani gets more than $1.6M, @CurtisSliwa gets more than $1.9M, and @JimWalden_esq gets more than $237K 

No money for @andrewcuomo either",Curtis Sliwa
We have an economy where a handful of modern-day robber barons wield extraordinary power. They hold enormous control over our paychecks,Zohran Mamdani
"Grateful to campaign in Brownsville with  this afternoon

Thank you for the warm welcome and continued support. 

Together, we’ll keep building a stronger New York 💪",Andrew Cuomo
"My heart is with the people of Jamaica and New Yorkers with family on the island as they face the difficult aftermath of Hurricane Melissa.

 is collecting essential items and sharing how you can help ⬇️🌪️🇯🇲 Standing with Jamaica After Hurricane Melissa

As the son of Jamaican immigrants, my heart is with the people of Jamaica as they recover from the devastation caused by Hurricane Melissa.

Our office is partnering with the @AFJcares to collect essential supplies and funds to",Zohran Mamdani
Having an amazing time at our favorite EDM band  concert at Under the ‘K’ Bridge Park in Brooklyn with my wife Nancy ! 🗽,Curtis Sliwa
"In fact, Cuomo set up a pass-through company"" specifically to hide the names of his clients.",Zohran Mamdani
Without the night shift,Zohran Mamdani
"Check out our new campaign video! Working people built this city, and you deserve to stay here. I’ll be the mayor who makes that possible. Get involved at ",Curtis Sliwa
"Eric Adams has been mayor for over 3 years and could have used existing laws like Kendra’s Law or his own expanded involuntary removal policy to get addicts the help they need and get public drug use off our streets. He didn’t.

Now, months before an election, he’s suddenly",Curtis Sliwa
"🚨 NYC spends record-breaking $$$ per student yet 3,000 teachers are BEGGING for donations just to buy pencils and notebooks.

That is because the DOE is a bloated bureaucracy stuffed with deputy chancellors and useless department heads pulling six-figure salaries.

As Mayor I3,000 teachers beg for donations for basic classroom supplies — despite NYC’s record-breaking per-pupil spending https://
trib.al/wU3k1z8",Curtis Sliwa
"It's not just what Andrew Cuomo is saying—it's who's funding him.

The single largest donor to a pro-Cuomo SuperPAC is Airbnb cofounder/board member Joe Gebbia, who promotes vile and racist messages about immigrants.",Zohran Mamdani
Yesterday  asked me about ’s tap dancing around “globalize the intifada”— a phrase tantamount to calling for violence against jews.  I believe his unwillingness to unequivocally condemn it is disqualifying for someone running to be Mayor of NYC — period,Andrew Cuomo
"The president is not going to “back down” to you, Andrew. 

Your own party rejected you.",Curtis Sliwa
"Great crowd at my campaign table at Baruch University, speaking to college students about my plans to help them build a life in NYC! Come stop by!",Curtis Sliwa
"On Day One, when elected, I’ll launch a Rapid Response Animal Welfare Division. 

We will investigate abuse, coordinate rescues, and press DAs to prosecute. 

No more looking the other way. Our animals deserve compassion and care. We will deliver.",Curtis Sliwa
"The subway should move New Yorkers, not endanger them. Rising crime, delays, and mental health crises have turned trains into chaos. Curtis Sliwa has spent decades protecting riders and he knows how to bring safety and order back underground. Read his plan:",Curtis Sliwa
"Mamdani Continues to Take on Trump, Delivers on Affordability Agenda for New Yorkers",Zohran Mamdani
"On Tuesday, I had the privilege of meeting with members of New York's entertainment unions, who fight for good wages, benefits and working conditions while powering one of our city's most vital industries.",Zohran Mamdani
"🗳️ NEW YORK: Early voting brings this Saturday! 🗳️

Remember, while I am a lifelong Democrat, just like my father Mario Cuomo before me, this year I am running on the Fight & Deliver independent ballot line. 

Help your friends & family find me on the ballot there.

Together, we",Andrew Cuomo
"Good morning, New York City.

Our time is now.",Zohran Mamdani
"CUNY is the nation’s largest urban public university system and an engine of social mobility for the city's working class.

But like so many of our public institutions, Andrew Cuomo subject it to years of disinvestment and neglect as Governor. That record cannot be forgotten.",Zohran Mamdani
"Last night, I asked you to turn on your light if you’ve knocked on a door. 

Now I’m asking you to sign up for a shift. 

Take nothing for granted. We have a future to win.",Zohran Mamdani
,Curtis Sliwa
"Spoke to a full house in Whitestone as our Get Out The Vote efforts ramp up across all five boroughs.

Make your plan to vote: 

Early Voting: October 25 to November 2nd

Election Day: November 4th",Curtis Sliwa
Just sharing bro,Curtis Sliwa
,Zohran Mamdani
"🙏Recognizing the graveyard shift & the sacrifices that come along with it is much appreciated, Zohran. & im saying that as a doorman who works the overnight shift here along Central Park West. We are essential to making this city the city that never sleeps.",Zohran Mamdani
"“The Sliwa campaign said it’s putting $500,000 behind the ad [on TV and digital platforms]. Sliwa qualified for public matching funds and has about $3 million in his campaign coffers, according to the city Campaign Finance Board.” From the New York Post 🚨",Curtis Sliwa
"Crime isn’t down. You don’t feel safe because you aren’t. Every New Yorker deserves a safe commute. Here’s my plan to make it happen as your Mayor:
",Curtis Sliwa
"We remember 9/11 not only on this day, but every day—in the empty seats at our tables, in the loved ones still suffering from illness, in a skyline forever changed. 

And we recommit ourselves to building a future worthy of the courage and sacrifice of those we lost.",Zohran Mamdani
Politicians are not bystanders to the affordability crisis. We can lower the cost of living and make life easier for New Yorkers in real and meaningful ways.,Zohran Mamdani
"Next year, we'll welcome 125,000 new New Yorkers to our city. But many families don't have what they need to give their babies a healthy start.

Building on 's pilot, we'll launch citywide Baby Baskets, providing new parents with essential items and resources.",Zohran Mamdani
"Listen, I’ve been fighting the disturbing powers of corruption and injustice in NYC for years. That’s why I officiated the first gay marriage for my coworker Ralphie and their partner in a NYCHA project in the Bronx despite threats, years before gay marriage was accepted by any",Curtis Sliwa
Extreme Tweets: Zohran Mamdani Edition! #notozo,Andrew Cuomo
"Thank you to  for your endorsement in this mayoral election 

#VoteforCuomo",Andrew Cuomo
Cuomo has no chance. At all.,Curtis Sliwa
"Broadway's actors, musicians, and crew make New York the cultural capital of the world.

Their health care is on the line, and it's time for a fair deal that protects it.

Solidarity with @actors_equity and  as they fight for the care every worker deserves.",Zohran Mamdani
I will be a Mayor for every single New Yorker who calls this city home.,Zohran Mamdani
"After two long years, all the living hostages are now safely home! A massive weight has been lifted from their families' shoulders.

Peace is always the ultimate goal, and finally, an end to the war is something we all should celebrate.

The 20 surviving hostages are reunited by",Curtis Sliwa
,Zohran Mamdani
" not failure.""""",Zohran Mamdani
"On October 18, 1988, NYPD Officer Christopher Hoban was tragically killed in the line of duty at just 26 years old. A proud graduate of Bay Ridge High School, his legacy lives on through the annual tribute and 5K run in his honor. Today I was humbled to join his family, friends,",Curtis Sliwa
You’re making things up. Why?,Curtis Sliwa
"And I was especially honored to receive the endorsement of my colleague  and the United Democratic Organization ().I'm so grateful to @graceleefornyc, State Committeewoman Vic Lee, State Committeeman Wei-Li Tjong, @udonyc president @setochungster and members of @CAAVVoice for joining me on yesterday's community walk of Manhattan's Chinatown.",Zohran Mamdani
My humble thanks to Reverend Adolphus C. Lacey and First Lady Cheryl Matthews Lacey for welcoming me at Bethany Baptist Church in Bed-Stuy this morning.,Zohran Mamdani
"🚨 THE BRONX IS BLEEDING 🚨

In just one week:

• 3 people shot, one fatally today
• Innocent Amazon driver shot on Tremont Ave
• 2 killed, 4 wounded in one night
• 4 teenagers gunned down in a mass shooting
• A 17-year-old girl fighting for her life

…and many more",Curtis Sliwa
,Zohran Mamdani
"Mamdani and Cuomo are the same horror show.

Same script, same politics, same chaos.

Vote Curtis Sliwa to save our city!",Curtis Sliwa
,Curtis Sliwa
Watch live.,Zohran Mamdani
Good question. It’s definitely something that needs to be addressed. Got any good ideas? DM me.,Curtis Sliwa
,Curtis Sliwa
"This is devastating. Two of our fellow New Yorkers lost their lives in the recent storm. My heart breaks for their families.

But then I see Zohran's crocodile tears about lack of infrastructure upgrades knowing he is in favor of rushing to pack people into flood-prone housingLOST IN THE FLOOD
Two men - one in B'klyn, one in Manhattan - found in basements after record deluge https://
trib.al/YZZ541o",Curtis Sliwa
"In 2021, PS110 teacher Matthew Jensen was killed in a hit-and-run on McGuinness Blvd, the site of countless injuries and deaths.

Led by  and , Greenpointers thought they had won a street safety redesign — until Adams admin corruption halted work.",Zohran Mamdani
"Gathering strength.Good morning, New York City.

Our time is now.",Zohran Mamdani
"I grew up going to Zabar's. So many of my childhood memories center around the best lox in NYC (which is saying something). With Saul Zabar's passing today, the Upper West Side has lost a legend who turned his parent's humble store into a culinary institution.",Zohran Mamdani
"Should probably check out our feed. My 100 day plan is also very transparent and necessary to revive NYC. Starting day one, we will revive NYC:",Curtis Sliwa
